0,5918,3794,m,472,//////////河北/河北省/统一/评/标/专家/专家库/评/标/专家
0,436,111,m,21,////////职业/职业技能/技能/资格/资格证/资格证书/证书/高级/网络/网络营销/营销/营销师
0,3995,15507,m,2259,/////共青/共青团/共青团中央/团中央/中央/网络/影视/中心/未来/网/职员
0,156,116,f,91,/////武汉/嘉/康/装饰/工程/有限/有限公司/公司/媒介/经理
0,331,155,m,85,/////永/辉/机械/机械配件/配件/商行/行经/经营/经营者
0,776,249,f,1821,/////深圳/深圳市/深/龙/轮胎/贸易/有些/公司///财务/财务部/职员
0,216,807,m,1636,/////莆田/骏/达/网/贸工/工作/工作室///设计/设计师
0,267,204,m,39,/////高级/室内/内建/建筑/建筑师
0,49,34976,m,1016,/////高级/采购/采购师
0,2136,3596,m,17434,/////麻城/黑山/黑山羊/山羊/茯苓/窠/养殖/养殖场///职员////何国/才
0,891,686,m,1270,///三门/三门峡/三门峡市/人民/民医院/医院/////医师
0,487,61489,f,5558,///业/之/峰////客户/客户经理/经理///苏/元元
0,254,525,m,501,///中原/原证/证券/职员
0,301,604,m,140,///中金/金石///北京///管理/顾问/有限/有限公司/公司///法人/法人代表/人代/代表
0,3221,1269,m,171,///人力/人力资源/资源/资源管理/管理/师
0,2345,14484,m,5713,///共青/共青团/共青团中央/团中央/中央/网络/影视/中心/未来/网/少先队/工作/工作部/部长/助理
0,1504,2538,m,16752,///内蒙/内蒙古/蒙古/毕/拉/河/林业/林业局///办公/办公室/公室/室主任/主任
0,235,461,m,852,///农村///农业///农民/杂志/杂志社///记者
0,445,454,m,1295,///北京/中视/广/信/科技/有限/有限公司/公司/郭/润/宝
0,168,274,m,121,///北京/舞/境/文化/传播/有限/有限公司/公司///总经理/经理//
0,239,1841,m,525,///北京/长/财/管理/咨询/有限/有限公司/公司/司职/职员
0,212,143,m,65,///华谊/天下/下文/文化/文化传媒/传媒/公司///发型/发型师
0,273,166,f,38,///南京/南京市/京市/秦淮/秦淮区/伟/泽/戴/柳/美发/美发店/技师
0,142,100,m,930,///南阳/众/耘/食/业/有限/有限公司/公司/司职/职员
0,206,323,m,925,///厦门/鑫/源/创/富/资本/管理/有限/有限公司/公司///法人/法人代表/人代/代表
0,1061,16423,f,3637,///合肥/通达/不动/不动产/动产/顾问/有限/有限公司/公司/司业/业务/主任
0,398,256,m,1956,///吉林/吉林省/高校/视觉/视觉艺术/艺术/大赛/美术/类/三等/三等奖
0,306,1445,m,631,///四川/四川航空公司/川航/航空/航空公司/公司///乘务/乘务员
0,487,399,f,123,///四川/川西/西南/铁路/国际/旅行/总社///职员
0,737,18380,m,1091,///四川/音乐/音乐学/音乐学院/学院/教师
0,2002,903,m,4118,///固/井/工
0,1324,4113,m,1086,///国家/二级/篮球/篮球运动/球运/运动/运动员/动员
0,718,5334,f,1747,///宁波/江北/宏/昇/休闲/闲工/工艺/工艺品/艺品/有限/有限公司/公司///职员
0,5910,1293,m,233,///察右/中旗/范/云贵/诊所/负责/负责人/责人
0,2558,636,f,537,///小学/小学教师/教师
0,677,4384,m,5550,///山东/山东大学/东大/大学///文学/文学院/学院/教授///
0,2484,504,m,4445,///山西/宏/厦/建筑/建筑工程/工程/第三/有限/有限公司/公司////职员
0,289,376,f,216,///幼儿/幼儿教师/教师
0,80,715,m,31,///广兴/机械/科技///惠州///有限/有限公司/公司/包装/部/职员/谢/国/友
0,5352,40661,m,1215,///建筑/建筑工程/工程/工程师///知名/设计/美学/学博/博主///资讯/视频/自媒体/媒体
0,1048,313,m,799,///影视/视觉/摄影/摄影师
0,1292,143,m,675,///易/房租/租售/职员
0,326,4677,f,125,///杭州/智/跑电/电子/电子商务/商务/有限/有限公司/公司/天/猫/运营
0,2882,2186,m,1931,///林州/林州市/州市/剑桥/英语/培训/培训中心/中心/心经/经营/经营者
0,137,106,m,900,///深圳/深圳市/捷/顺/科技/科技实业/实业/股份/股份有限/有限/有限公司/公司/司职/职员
0,500,3686,m,2970,///深圳/深圳市/龙/行/之/电子/电子商务/商务/有限/有限公司/公司/司职/职员
0,350,206,m,2103,///湖南/湖南省/我/来/在线/在线教育/教育///贾/智/博
0,3152,530,f,1342,///瑞安/瑞安市/林/月/电器/商行/行经/经营/经营者
0,122,144,m,115,///耀/冠/资本/销售/经理
0,327,183,f,495,///西安/建筑/科技/大学/建筑/建筑学/学院/学生/学生会/副部长/部长
0,1051,214,f,1533,///计算/计算机/算机/中学/二级/教师
0,220,290,m,459,///诚/真/广告/职员
0,498,21856,m,139,///贝斯/曼/企业/管理/有限/有限公司/公司/公司法/公司法人/司法/法人/法人代表/人代/代表
0,625,217,m,573,///贵州/天赋/本能/健康/咨询/有限/有限公司/公司/公司法/公司法人/司法/法人/法人代表/人代/代表
0,9609,6497,m,681,///郑州/百/益/宝/生物/技术/有限/有限公司/公司/发酵/类/研发/工程/管理/师/王国/王国强/国强
0,2428,713,m,88,///郑州/领/秀/模特/经纪/有限/有限公司/公司/模特
0,192,1280,f,55,///高级/催乳/师/杨/潘/红
0,2897,19038,m,1079,///高级/高级中学/中学/中学教师/教师
0,286,264,f,132,//Adobe/认证/产品/专家/认证//AdobePhotoshopCS5
0,3172,168329,m,31,//一种/拉杆/便携/便携式/台/锯///专利/利人///庄/学/恩
0,5013,61740,m,19516,//中国/古典/古典文学/文学/全文/朗读///制作/制作者/作者/锺/华
0,809,201,m,1957,//中国/国园/园林///杂志/杂志社/总编
0,4106,1107,f,51,//中国/摄影/摄影家///杂志/杂志社/摄影/摄影师
0,1528,122,f,688,//中国/石化/销售/有限/有限公司/公司/华北/分公司/公司/技术/技术员
0,2000,912,m,701,//义乌/义乌市/乌市/麦/迪/服饰/有限/有限公司/公司/设计/设计师
0,1376,177,f,499,//会宁/会宁县/宁县/星期/星期天/休闲/休闲吧/经营/经营者
0,283,120,m,0,//最/老板///官方/微博
0,792,51804,m,5510,//农家/参谋///杂志/杂志社/微博
0,2136,1858,m,31456,//咸阳////本地/资讯/博主
0,458,420,m,419,//建筑/建筑工程/工程/工程技术/技术/技术员
0,1743,14188,m,33837,//待用/快餐///郑州///总/协调/调人///郑州/晚报/爱心/公益/社/核心/核心成员/成员
0,817,297,m,1001,//新型/工业/工业化///杂志/杂志社/社工/工业/4/0/研究/中心/主任
0,7,1553376,f,30,//时空/爱/灵魂/乐/诗///作者///中国/诗歌/学会/会会/会员//
0,207,7956,m,4108,//易/文言///文言/文言文/在线/在线翻译/翻译/翻译网//////站长
0,117,569,m,1239,//景德镇/超/辉/贸易/有限/有限公司/公司///法人/法人代表/人代/代表
0,1088,2576,m,3311,//曲艺///杂志/编辑
0,887,116407,m,4035,//河南/科技/科技报///官方/微博
0,403,3713,m,5305,//法制/法制日报/日报///外联/外联部/主任/记者
0,258,243,m,150,//深圳/金/乐/福/珠宝/珠宝首饰/首饰/有限/有限公司/公司/司职/职员
0,914,9457,m,6171,//炭火/上/的/茶乡////神树////转身/的/家园///制片/制片人///工艺/工艺美术/美术/美术师
0,2229,401153,m,40569,//焦作/日报///官方/微博
0,855,1830,f,1273,//爱心/书摊///公益/项目/官方/微博
0,245,217,f,8,//特别/文摘///杂志/杂志社///时尚/编辑
0,26,3767,m,1836,//系统/系统分析/统分/分析/分析师/之路///编委
0,2978,498573,m,76172,//经济/与/社会/发展/研究///杂志/杂志社///高级/经济/顾问
0,1639,343,m,4719,//罗/曼/文化/文化传媒/传媒/员工
0,1309,3143,m,3683,//著名/著名品牌/名品/品牌/定位/专家////CCTV/中国/品牌/年度/发布///特邀/评审/专家//
0,815,1689,m,941,//银川/银川市/西夏/西夏区/美术/美术家/术家/家协会/协会/协会理事/会理/理事
0,2185,27537,m,966,1234TV/财经/经社/社区/官方/微博
0,122,68695,m,733,89/后/创业/创/富/俱乐部/部首/首席/执行/执行官/兼/部长////中国/国教/教育/教育学/学刊///签约/作家
0,2386,6577,f,13340,Amiz/aromatherapy/ltd//香薰/治療/師
0,319,35400,m,0,CBA/辽宁/辽宁队/球星
0,556,46235,f,1410,CCTV//创业/天使///栏目/栏目主持/主持/主持人
0,4276,3524,f,3743,CCTV//梦想/心力/力量///栏目/栏目组/制片/主任
0,194,670,m,1085,Designer/Bridal/Room
0,0,0,f,0,EMOSVINOwww/EMOSVINO/com/官方/微博
0,62,8463,m,2866,MC/Hall//陳/豪/官方/影迷/會
0,65,13,f,3,PopSockets/中国/官方/微博
0,1454,2309,f,5935,VONGU/创意/漆器/设计/计有/有限/有限公司/公司///市场/市场推广/推广
0,67,16,m,6,一个/个人/人人/人参/参与/的/风电/备件/共享/交易/交易平台/平台
0,1730,2225,m,2572,一个/理想/理想主义/理想主义者/主义/主义者/的/乌托邦////北京/盛/虎/球迷/电子/电子商务/商务/有限/有限公司/公司
0,62,7,f,1,一念/空间/Salon/美容/美容美发/美发
0,1409,4958,m,10917,万达/期货/有限/有限公司/公司/司职/职员
0,972,74641,m,378,三亚/南方/以南/影视/传媒/有限/有限公司/公司/总经理/经理///视频/自媒体/媒体
0,378,118,f,207,三亚/戴/瑞/视觉/文化/文化传媒/传媒/有限/有限公司/公司/公司化/化妆/总监
0,1917,8522,m,9589,三峡/晚报/义工/义工联/工联/联盟///柯/增/国/////宜昌/宜昌市/优秀/志愿/志愿者/愿者///头条/条文/文章/作者
0,311,299,f,1001,三门/三门峡/实验/幼儿/幼儿园/教师
0,966,2260,m,5391,上海/上海大学/海大/大学///教师
0,878,16390,f,2543,上海/上海市/海市/戏剧/戏剧家/家协会/协会///电视/家协会/协会/协会会员/会会/会员////中国/达人/秀///文学/总监
0,816,245,m,983,上海/乐/赏/网络/网络科技/科技/有限/有限公司/公司
0,3668,2257,m,5046,上海/互加/文化/传播/有限/有限公司/公司/渠道/部/经理
0,1761,576,f,22,上海/亚/臻/家居/有限/有限公司/公司///人事/人事部/经理
0,429,1259,f,6328,上海/便/雅/悯/文化/传播/有限/有限公司/公司/公司制/制片/制片人
0,81,19868,m,79,上海/吉/泽/实业/有限/有限公司/公司
0,54,141,f,150,上海/善/康生/生物/生物科技/科技/有限/有限公司/公司///财务/财务主管/主管
0,1923,10041,m,790,上海/嗨/咕/子网/网络/网络科技/科技/有限/有限公司/公司
0,4761,5382,f,16,上海/嵩/涛/办公/公家/家具/具有/有限/有限公司/公司///企划/经理
0,1052,10392,m,8403,上海/广播/广播电视/电视/电视台/台东/东方/东方卫/卫视/一级/编辑
0,280,1428,m,2181,上海/捷/信/医药/药科/科技/有限/有限公司/公司///法人
0,591,339,f,81,上海/斐/声/电脑/贸易/有限/有限公司/公司/技术/总监
0,119,8,m,12,上海/新/艇/体育/文化/化发展/发展/有限/有限公司/公司
0,138,32,m,127,上海/新/邑/网络/网络科技/科技/有限/有限公司/公司
0,58,2151,m,109,上海/有/你/信息/科技/有限/有限公司/公司
0,2627,2385,f,70,上海/橙/西/家居/有限/有限公司/公司///财务/财务经理/经理
0,624,651,m,186,上海/汉/家/网络/网络科技/科技/有限/有限公司/公司/经理
0,346,182,m,8,上海/汉/尔/国际/酒店/销售/总监
0,1952,939,f,171,上海/海大/长/金/餐饮/管理/有限/有限公司/公司/第一/第一分/一分/分公司/公司
0,208,6000,f,183,上海/海文/文广/传媒/有限/有限公司/公司/音乐/音乐人
0,1455,2981,f,5814,上海/海星/闪/翼/文化/传播/有限/有限公司/公司/////总经理/经理/龙丹
0,3610,5507,f,1179,上海/海月/恒/建筑/装饰/工程/有限/有限公司/公司/销售/销售主管/主管
0,1361,4175,f,5,上海/海海/川/文化/传播/有限/有限公司/公司///销售/总监
0,1330,169,m,515,上海/海海/施/电气/自动/自动化/有限/有限公司/公司
0,21,573,f,37,上海/海盛/乐/瀚/化妆/化妆品/有限/有限公司/公司/人事/专员
0,7802,1440,m,194,上海/海盛/魁/实业/有限/有限公司/公司
0,256,10872,f,2050,上海/海红/榴/网络/网络科技/科技/有限/有限公司/公司
0,1169,241,f,745,上海/海达/海达尔/达尔/威/贸易/有限/有限公司/公司/销售/顾问
0,796,461166,f,1507,上海/海马/和/羊/营销/营销策划/策划/有限/有限公司/公司/策划/策划人///头条/条文/文章/作者
0,57,94,m,25,上海/潼/澜/商贸/有限/有限公司/公司
0,528,876,m,592,上海/玄/霆/娱乐/信息/科技/有限/有限公司/公司///签约/作家
0,1793,272,m,453,上海/琥/兆/实业/有限/有限公司/公司/司官/官方/微博
0,793,3082,m,7474,上海/知/来/知/往/信息/科技/有限/有限公司/公司///新/媒体/运营/顾问
0,65,2,m,0,上海/礼/维/贸易/有限/有限公司/公司
0,1195,3055,f,19714,上海/简/博/市场/研究/股份/股份有限/有限/有限公司/公司/资深/主持/主持人
0,56,157239,f,31,上海/维/艾/文化////签约/演员///模特
0,350,42128,m,999,上海/聚财/盆/信息/信息技术/技术/有限/有限公司/公司
0,393,16647,m,2493,上海/若/美/网络/网络科技/科技/有限/有限公司/公司
0,579,188,m,12,上海/蕴/高/服饰/有限/有限公司/公司
0,286,56,m,124,上海/虎/巴/网络/网络科技/科技/科技股/科技股份/股份/股份有限/有限/有限公司/公司/司职/职员
0,1628,416,m,766,上海/跃/力/贸易/有限/有限公司/公司
0,1138,392,m,501,上海/连/财/信息/科技/有限/有限公司/公司
0,675,125,m,30,上海/钟/神/文化/传播/有限/有限公司/公司
0,2800,62647,m,10905,上海/黑/黛/增发/服务/股份/股份有限/有限/有限公司/公司
0,982,18983,m,5176,专栏/专栏作家/作家///影评/影评人///头条/条文/文章/作者
0,755,5492,m,897,东/易/日盛/原创/国际///设计/设计师
0,94,33,m,96,东方/富海/官方/微博
0,444,70,m,54,东莞/东莞市/传/晨/模具/配件/有限/有限公司/公司
0,60,5,m,0,东莞/东莞市/凤/岗/永/成/胶带/经营/经营部/营部
0,59,0,m,0,东莞/东莞市/力/创/机械/有限/有限公司/公司
0,597,277,m,255,东莞/东莞市/力/生机/机械/机械设备/设备/备有/有限/有限公司/公司
0,143,15,m,4,东莞/东莞市/天/购/电子/电子商务/商务/有限/有限公司/公司
0,65,8,f,0,东莞/东莞市/市道/仁/自动/自动化/电子/电子设备/设备/备有/有限/有限公司/公司
0,213,338,f,521,东莞/东莞市/市长/长安/优胜/模具/职业/职业培训/培训/学校
0,254,242,f,581,东莞/东莞市/永/正电/正电子/电子/电子图书/图书/科技/有限/有限公司/公司////HR
0,34,10,m,164,东莞/东莞市/漫步/人/箱包/制品/有限/有限公司/公司
0,109,42,f,7,东莞/东莞市/精妙/工业/设备/科技/有限/有限公司/公司
0,628,115,m,183,东莞/东莞市/耀/辉/化工/工科/科技/有限/有限公司/公司
0,233,68,m,936,东莞/东莞市/进/达/二手/二手车/手车/经销/有限/有限公司/公司
0,442,260,m,250,东莞/东莞市/金/铭/电子/有限/有限公司/公司/季/琛
0,96,88,m,24,东莞/东莞市/雅纳/商贸/有限/有限公司/公司
0,234,75,m,22,东莞/东莞市/顺/琦/手袋/实业/有限/有限公司/公司
0,39,18,f,0,东莞/桃/吉/官方/微博
0,59,88,m,2,东莞/誉/铭/新/工业/有限/有限公司/公司/技工
0,1082,1750,m,2660,东营/东营市/胜利/医院/院内/内科/主治/主治医师/医师
0,236,6,m,0,东阳/东阳市/龙/义/玩具/具有/有限/有限公司/公司
0,579,977,m,11,丽江/嘉/云/昊/球迷/协会/协会会长/会会/会长
0,801,218,m,942,中/交/一/航/局/第五/工程/有限/有限公司/公司/质检/质检员
0,374,84,f,39,中/智/博/锐///北京///广告/有限/有限公司/公司
0,249,15,m,10,中/闽/汇通/资产/管理///北京///有限/有限公司/公司
0,1611,1936,m,1411,中共/依兰/依兰县/县委/宣传/宣传部/部副/副部长/部长
0,1192,610,m,1133,中共/共上/上庄/乡/纪律/纪律检查/检查/委员/委员会/官方/微博
0,320,1738,m,1702,中共/河南/河南省/修武/修武县/县委/宣传/宣传部/官方/微博
0,294,988,m,8100,中共/河南/河南省/驻马店/马店/上蔡/上蔡县/县委/宣传/宣传部/官方/微博
0,801,3987,m,1376,中共/洛阳/洛阳市/市委/外宣/办/官方/微博
0,188,95,m,153,中共/肃北/肃北蒙古族自治县/北蒙/蒙古/蒙古族/自治/自治县/自治县委/县委/宣传/宣传部/官方/微博
0,317,8585,m,2188,中共/鹤岗/鹤岗市/市委/委员/委员会///团市委/市委/委办/办公/办公室/公室/科员
0,536,427,m,1741,中原/原地/地产/代理///深圳///有限/有限公司/公司///物业/顾问
0,884,2892,m,2733,中国/中国人民大学/中国人民大学出版社/国人/人民/人民大学/大学/出版/出版社/数字/出版/中心/副/主任
0,2253,57289,m,15932,中国/中国传媒/传媒/传媒大学/大学/大学教授/教授
0,2013,3154,m,6611,中国/中国传媒/传媒/传媒大学/大学/学学/学生/工作/工作部///处///副/部///处///长/兼/武装/武装部/武装部长/部长
0,2776,1626,m,227,中国/中国传媒/传媒/新闻/新闻网/总编
0,1543,10134,f,19981,中国/中国政法大学/国政/政法/政法大/政法大学/大学/新闻/与/传播/传播学/传播学院/学院/副教授/教授
0,206,316,f,699,中国/中国新闻社/新闻/新闻社/贵州/分社/社长
0,2284,3644,m,12298,中国/中国水利学会/水利/水利学/学会/会会/会员
0,118,280,m,1710,中国/中国海/海洋/海洋大学/大学/教师////王/炯炯
0,959,43690,m,2177,中国/中国科学院/中国科学院心理研究所/科学/科学院/学院/心理/研究/研究所/继续/教育/教育学/学院/广东/教学/处///主任
0,1676,9629,m,8996,中国/中国科学院/科学/科学院/学院/生态/生态环境/环境/研究/中心/////副研究员/研究/研究员
0,3111,721,f,1240,中国/中国联通/国联/联通/沈阳/沈阳市/市分/分公司/公司/IDC/业务/支撑
0,2002,19681,f,5657,中国/中国青少年发展基金会/青少/青少年/少年/发展/基金/基金会/爱心/衣橱/基金/管委/管委会/委会/成员///秘书/秘书长
0,8125,23913,m,8379,中国/国公/公益/形象/形象大使/大使///知名/时尚/博主///时尚/美/妆/视频/自媒体/媒体///微博/签约/自媒体/媒体
0,1998,1592,m,8789,中国/国商/商报///记者///李/喜/平
0,110,84,m,22,中国/国图/图库/签约/摄影/摄影师
0,407,423,m,116,中国/国图/图库/签约/摄影/摄影师
0,492,242,f,247,中国/国图/图库/签约/摄影/摄影师
0,171,1333,m,71,中国/国图/图库/签约/摄影/摄影师
0,361,797,m,32,中国/国图/图库/签约/摄影/摄影师
0,134,124,f,12,中国/国图/图库/签约/摄影/摄影师
0,183,2144,m,26,中国/国图/图库/签约/摄影/摄影师
0,2114,10088,f,308,中国/国图/图库/签约/摄影/摄影师
0,110,1131,m,86,中国/国图/图库/签约/摄影/摄影师
0,4997,500,m,181,中国/国图/图库/签约/设计/设计师
0,375,1050,m,55,中国/国图/图库/签约/设计/设计师
0,472,146,m,2623,中国/国图/图库/签约/设计/设计师
0,2512,11361,f,157,中国/国图/图库/签约/设计/设计师
0,0,0,m,0,中国/国际/国际航空/航空/股份/股份有限/有限/有限公司/公司/市场/经理
0,847,164000,m,1427,中国/国际/跨国/跨国公司/国公/公司/促进/促进会/副会长/会长
0,1976,15181,f,3089,中国/招标/招标网/www/zhaobiao/cn/官方/微博
0,925,321490,m,11622,中国/搜索//chinaso/com//官方/微博
0,501,1471343,m,416,中国/搜索/评论/评论员
0,284,130,m,128,中国/无线/无线电/协会/B/类/业余/余电/电台/操作/操作证/作证/证书/持有/持有者
0,251,10521,m,4545,中国/物流/与/采购/联合/联合会/合会/会理/理事/理事会/常务/常务理事/理事
0,492,819,m,1278,中国/顺风/风车/车友/公益/协会/协会会长/会会/会长
0,90,21118,m,97,中国/领先/的/整合/传播/机构/之一
0,401,351,f,233,中央/中央人民广播电台/人民/广播/广播电台/电台/河南/记者/记者站/央/广/网/河南/分网/记者
0,815,966,m,4,中央/中央人民广播电台/人民/广播/广播电台/电台/记者
0,1075,9210,m,2545,中央/中央人民广播电台/人民/广播/广播电台/电台/记者/孙/利
0,1157,113297,m,2929,中央/中央台/河南/记者/记者站///中国/广播/广播网/河南/分网///新闻/新闻部/部副/主任///头条/条文/文章/作者///微博/签约/自媒体/媒体
0,281,948,f,3869,中央/中央电视台/电视/电视台///体坛/风云/风云人物/人物///评选/外联
0,686,734,f,461,中央/中央电视台/电视/电视台/记者
0,302,116,m,174,中山/中山市/东升/东升镇/捷利/丰/电子/辅料/制品/制品厂
0,59,1,m,10,中山/中山市/久/义利/筛网/有限/有限公司/公司
0,4943,5667,m,2164,中山/中山市/古镇/志/邦/灯饰/灯饰厂
0,999,941,f,1000,中山/中山市/尚/的/光电/电厂
0,430,145,m,658,中山/中山市/戴维森/照明/科技/有限/有限公司/公司/司职/职员
0,3488,1674,f,1059,中山/中山市/苏/金/汽车/销售/有限/有限公司/公司///法人/法人代表/人代/代表/王/立
0,195,35,m,218,中山/中山市/锐/锋/数控/设备/备有/有限/有限公司/公司
0,1224,7526,m,26298,中星/中星微///资深/系统/系统管理/统管/管理/理工/工程/工程师
0,201,199,m,382,中牟/中牟县/春/峰/果蔬/专业/合作/合作社/官方/微博
0,101,42888,f,112,中电/日/晟/新能源/能源/有限/有限公司/公司/司官/官方/微博
0,2062,912,f,4608,中石/中石化/石化/华北/分公司/公司/第三/采油/采油厂/油厂/职员
0,784,1216,f,49,中视/视网/网联/北京/京文/文化/文化传媒/传媒/有限/有限公司/公司/公司制/制片/制片人
0,2718,21323,f,6017,中科/在线/文化/文化传媒/传媒///北京///有限/有限公司/公司
0,960,1813,f,1292,临床/科室///泌尿/泌尿外科/外科///矫形/骨科///康复/康复科///血透/科///耳鼻喉/耳鼻喉科/喉科///体检/科/等
0,58,5,m,0,临沂/临沂市/兰山/兰山区/山区/浩/严/工艺/工艺品/工艺品厂/艺品/艺品厂
0,201,90,m,49,临沂/时代/日化/有限/有限公司/公司/经理
0,8256,148972,m,20652,临沧/临沧市/国家/国家税务/国家税务局/税务/税务局/公务/公务员////头条/条文/文章/作者///微博/签约/自媒体/媒体
0,75,29,m,8,义乌/义乌市/乌市/利/谦/电子/电子商务/商务/商行
0,2992,964,m,1583,义乌/义乌市/乌市/巨/利/工艺/工艺品/艺品/有限/有限公司/公司
0,951,154,m,496,义乌/义乌市/乌市/柔/来电/电子/电子商务/商务/商行
0,2481,258,m,337,义乌/义乌市/乌市/海/萌/箱包/箱包厂
0,397,1084,m,12,义乌/义乌市/乌市/苍/迪/工艺/工艺品/工艺品厂/艺品/艺品厂
0,734,368,m,2863,乐/视/产品/经理
0,221,69,m,35,乐/禾/乐/活
0,114,254,m,131,乐/购///东北/配送/中心/资讯/部/经理
0,96,5,m,7,乐清/乐清市/市北/北纬/电气/有限/有限公司/公司
0,311,390,f,992,书评/书评人///头条/条文/文章/作者
0,676,3495,m,6986,二维/CAD/绘图/师///聂/建春
0,1302,3916,m,5219,云南/凌云/律师/律师事务/师事/事务/事务所/职员/黄/路/元
0,1674,445,m,102,云南/政协/报社
0,1418,753,f,152,云南/柏/联和/和顺/旅游/文化/化发展/发展/有限/有限公司/公司/和顺/酒店/分公司/公司
0,104,40,f,34,享受/成长/的/快乐//BabyGo/玩具/旗舰/旗舰店/官方/微博
0,60,1778,m,198,亲戚/买房/APP/官方/微博
0,650,41007,m,43,人文/文艺/艺术/博主
0,2099,111828,f,602,人文/文艺/艺术/博主
0,1440,1505,f,5814,人文/文艺/艺术/博主
0,2063,31042,m,722,人民/人民日报/日报/报人/人民/论坛/杂志/杂志社/河南/河南站/南站/副/主任
0,1085,14661,m,1896,人民/人民网/舆情/监测/室/副/秘书/秘书长////网络/舆情///副总/副总编/总编/总编辑/编辑
0,600,1369,f,500,人民/教师
0,93,762,m,80,仁怀/仁怀市/千/寻/白酒/销售/中心
0,333,22464,f,2141,今日/辽宁/网/执行/总编
0,105,38,m,8,从事/VR/AR/内容/开发//VR/游戏///影视///建筑///教育///医疗/仿真/等/领域
0,787,762,m,10,仪征/仪征市/万盛/盛酒/酒店/有限/有限公司/公司
0,244,89,m,35,企/投/会
0,158,93,m,82,企业/身边/的/行政/管家
0,375,122,m,81,伊金霍/伊金霍洛旗/吉祥/轩/首饰/经营/经营者
0,3944,4028,m,4558,伍/豪/传媒/副总/副总裁/总裁///正声/网/执行/主编
0,1894,1784,m,889,低压/运行/维修/师
0,128,3408,m,986,体育/博主
0,473,3283,m,144,体育/博主
0,572,932,m,1698,体育/博主
0,390,22373,m,407,体育/博主///头条/条文/文章/作者
0,216,32717,f,4070,何韵诗/韵诗/诗经/经纪/经纪人
0,309,1072,m,2160,余姚/余姚市/舜/达/电子/有限/有限公司/公司
0,910,478,m,363,余干/余干县/为您服务/服务/务工/工作/工作室
0,293,13,m,24,余干/余干县/颐/奴/服饰/经营/经营部/营部
0,991,7673,f,18,佛山/佛山市/佳/芳/明珠/电器/有限/有限公司/公司
0,228,581,m,2318,佛山/佛山市/市南/南海/南海区/海区/区里/水浪/博/鞋厂///职员
0,122,570,m,22,佛山/佛山市/艾尔斯/尔斯/陶瓷/有限/有限公司/公司/司官/官方/微博
0,183,71,m,2,佛山/佛山市/辉/燕/服装/装有/有限/有限公司/公司
0,397,78,m,498,佛山/佛山市/陶/梦园/贸易/有限/有限公司/公司
0,2231,15623,f,23526,作家////流花/河/的/前生/今世////白色/花朵/的/爱情////长安/十二/二夜///////头条/条文/文章/作者
0,810,10743,f,15923,作家///作品///新闻/抄袭/历史///等
0,3494,231179,m,4357,作家///知名/公益/博主///头条/条文/文章/作者///微博/签约/自媒体/媒体
0,2103,9976,m,2595,作家///罗/刚///代表/代表作///星空/空下/的/守望/守望者////角落/角落里/的/阳光///等
0,1122,643306,m,12524,作家///著有///世上/上有/颗/后悔/后悔药////微博/签约/自媒体/媒体
0,2089,4386,m,2949,作家/郑/德林
0,314,5591,f,216,俄罗斯/罗斯/西伯/西伯利亚/利亚/亚航/航空/航空公司/公司/北京/代表/代表处
0,86,504,f,210,保定/学院/学生/学生会/官方/微博
0,109,141,m,140,保险/销售/从业/从业人员/人员///头条/条文/文章/作者
0,151,191,f,1,信/诺/官方/微博
0,800,429,m,85,健康/博主
0,408,7605,m,743,全国/国计/计算/计算机/算机/应用/技术/证书/持有/持有者
0,7667,3749,m,227,公共/营养/营养师/合格/合格证/持有/持有者
0,214,39,m,14,公司/定位/位于///组织/诊断/及/制度/设计/专家////专注/内控/与/绩效/体系/设计
0,1399,129052,m,7731,公益/人士/张/艺/冬///因/救助/瘫痪/孤儿/查/路/鹏/事件/受到/关注///头条/条文/文章/作者
0,2195,11779,m,3252,公益/博主///头条/条文/文章/作者
0,16814,9812,m,23545,公益/博主///头条/条文/文章/作者
0,2012,10558,m,2076,公路/路道/道路/工程///高级/高级工/工程/工程师
0,71,45,m,2,兰州/永/辉/纸箱/纸箱包装/箱包/包装/制品/有限/有限公司/公司
0,1036,205,m,270,共青/共青城/青城/鑫/明/实业/有限/有限公司/公司/客户/客户经理/经理
0,49,12,m,69,兴城/兴城市/城市/宇航/泳衣/衣商/商行
0,2843,2636,m,7429,内蒙/内蒙古/蒙古/摄影/摄影家/家协会/协会////会员
0,1485,356,m,851,内蒙/内蒙古/蒙古/景行/体育/文化/化发展/发展/有限/有限公司/公司/联合/合发/发起/发起人
0,1378,1852,m,341,内蒙/内蒙古/蒙古/维/雨/科技/软件/软件工程/工程/工程师
0,1366,5161,m,4597,内蒙/内蒙古/蒙古/赫/扬/律师/律师事务/师事/事务/事务所/事务所律师/律师
0,2049,1780,m,5441,内蒙/内蒙古/蒙古/锡林/锡林郭勒/林郭勒/职业/学院/信息/信息技术/技术/技术工/工程/工程系/系主任/主任
0,269,152,f,132,写/笔记/享/丰厚/报酬///笔记/达标/还有/有奖/奖励///补贴/不断//
0,3035,14606,m,997,军事/博主///头条/条文/文章/作者
0,893,2833,m,2486,凤凰/凤凰卫视/卫视///智慧/东方///编导/唐/鹏
0,640,63395,m,1748,凤凰/凤凰卫视/卫视/记者///资讯/视频/自媒体/媒体
0,186,776,m,574,凤翔/凤翔县/水/蓝/衫/服装/服装厂
0,197,76,m,175,刘/彰/国///个体/个体经营/经营//
0,41,5191,f,207,创/兴/动力///北京///咨询/咨询服务/服务/有限/有限公司/公司
0,398,530,m,922,创业/黑马///新/媒体/运营///巩/二龙
0,214,42,m,12,创见/电子/电子商务/商务/官方/微博
0,711,1087,m,11750,初中/教师
0,603,858,m,1070,前/////中山/中山大学/山大/大学/南方/学院/萤火/萤火虫/助学/学社///协会/协会会长/会会/会长
0,2119,467,m,108,前/////亿/生/珠宝/有限/有限公司/公司/司职/职员
0,100,180,m,4,前/////北京/京南/车/时代/机车/机车车辆/车车/车辆/机械/有限/有限公司/公司///职员
0,1336,10522,f,649,前/////雅/诚/玉/缘////职员
0,519,1097,m,3892,前////今日/自动/自动化///主笔/乔/灿
0,1763,3858,f,6818,前////商业/商业价值/价值///杂志///客户/客户经理/经理///李/杰/芩
0,509,155,f,753,前////新东/新东方/东方/前途/出国/咨询/有限/有限公司/公司/资深/顾问/刘/南
0,27,80455,m,2397,前////浙江/江永/圣/工作/工作室///操盘/操盘手///微博/签约/自媒体/媒体///微博/签约/自媒体/媒体
0,343,22156,m,65,前///三里/里人/人家/重庆/代理
0,4926,6218,m,1918,前///中国/中国社会出版社/社会/出版/出版社/副/主任
0,1380,7810,m,1439,前///中国/廉政/廉政文化/文化/建设/建设网///采编/采编部/部副/主任////张/楠
0,494,2119,m,99,前///中视/航/通国/国际/传媒/有限/有限公司/公司///特约/摄影/摄影师
0,1170,2363,m,3685,前///云南/经济/管理/职业/学院/商学/商学院/学院/教师
0,1491,1646,m,634,前///人民/人民网/IT/销售/总监
0,67,75,m,0,前///仁/丰/房产/仁/丰/岭南/1/置业/顾问
0,2753,13636,f,601,前///共青/共青团/共青团中央/团中央/中央/网络/影视/中心/未来/网/编辑
0,3167,3086,m,4192,前///凉山/汉/达/社工/服务/服务中心/中心////主任///法人/法人代表/人代/代表
0,321,663,f,432,前///包头/包头市/乐/汇/餐饮/有限/有限公司/公司/人力/人力资源/资源/总监
0,496,4515,f,1327,前///北京/嘉/娱/帝/华文/文化/文化传媒/传媒/有限/有限责任/责任/公司///签约/歌手
0,315,623,f,563,前///北京/嘉/娱/帝/华文/文化/文化传媒/传媒/有限/有限责任/责任/公司/经纪/经纪人
0,816,998,m,2842,前///北京/国联/资源/资源网///营销/总监
0,787,327,f,713,前///北京/常/菁/藤/教育/教育科/科技/有限/有限公司/公司///人力/人力资源/人力资源部/资源/部/HRM
0,729,17738,f,928,前///华南/华南理工/华南理工大学/南理工/理工/理工大/理工大学/工大/大学///校/研究/研究生/会///外联/外联部/部长
0,715,988,m,3908,前///华夏/时报///新/媒体/编辑
0,175,236,m,478,前///图腾/国际/际会/会展///大客/客户/客户经理/经理
0,773,263,m,1018,前///天职/国际/国际会计/际会/会计/会计师/师事/事务/事务所/成都/分所///会计/会计师
0,327,14541,f,2122,前///妃/莉娅/生物/生物科技/科技/有限/有限公司/公司/山西/西地/地区/总代理/代理
0,527,888,f,4891,前///展/恒/理财/亚运/亚运村/理财/中心/心理/理财/总监/李/晶
0,310,144,f,130,前///广东/溢/达/纺织/有限/有限公司/公司/司职/职员
0,409,338,m,444,前///我/爱/我家/牛/街区/区区/经理
0,190,101,m,102,前///文/都/网校///项目/主管
0,934,5655,m,2012,前///楼市/传媒/集团/新/媒体/部/运营/总监
0,283,1820,m,3247,前///河南/电信/焦作/分公司/公司
0,1275,5821,m,2173,前///深圳/唯美/会/科技/有限/有限公司/公司/司运/维/工程/工程师
0,173,139,f,670,前///深圳/深圳市/天下/湘军/餐饮/有限/有限公司/公司/人事/专员/贾/彬
0,243,709,m,2422,前///深圳/深圳市/安/杰/美/服装/装有/有限/有限公司/公司/司业/业务/业务经理/经理
0,412,396,f,636,前///湖北/北一/嘉/国际/旅行/旅行社/行社/有限/有限公司/公司/金/秀/玲
0,1102,735,m,7302,前///烟台/埃/尔/气体/有限/有限公司/公司/司业/业务/业务主管/主管
0,144,1486,f,40,前///热/拍/网/商务/总监
0,504,2331,m,1365,前///玛丽/黛/佳/化妆/化妆品/渠道/销售/总监
0,1128,226995,m,7548,前///环球/环球时报/时报/记者
0,48,70,m,67,前///竹/语/乐/文化/传播/有限/有限公司/公司///摄影/摄影师
0,1093,320,m,0,前///聚/虎/运动/私人/教练/杨/丰
0,843,162,m,1745,前///自如/友/家资/资产/管理/有限/有限公司/公司/管家
0,3625,48177,m,7538,前///西安/精量/工业/自动/自动化/设备/备有/有限/有限公司/公司/经理///微/电商/达人
0,895,781,m,698,前///金/煌/装饰///网络/网络部/经理
0,1635,2758,m,4888,前///高等/高等学校/学校/中国/国语/语言/文化/教师
0,1824,1004,m,632,前//360/高级/产品/经理
0,372,9426,m,187,前海/优/茶/电子/电子商务/商务///深圳///有限/有限公司/公司
0,306,3993,m,591,前海/办/办/科技///深圳///有限/有限公司/公司
0,5322,28953,m,16160,加速/会///前//i/黑马/网主/主编///投资/分析/分析师///微博/签约/自媒体/媒体
0,272,1115,m,557,北/青/航/媒/科技/传播/播音/音乐/音乐人
0,2292,1033,m,1327,北京/一点/网聚/信息/信息技术/技术/有限/有限公司/公司/总编/总编辑/编辑/助理///要闻/主编
0,254,130903,m,3528,北京/三十/三十文/十文/文化/文化传媒/传媒/有限/有限公司/公司
0,1060,4049,m,5028,北京/中/合/利/成电/电子/电子商务/商务/有限/有限公司/公司
0,1503,161,m,153,北京/京/泰/世/华/家具/具有/有限/有限公司/公司
0,2719,120557,m,1315,北京/京汉/祖/雄风/文化/传播/有限/有限公司/公司///客户/客户经理/经理
0,295,10989,f,37,北京/亿/雄文/文化/文化传媒/传媒/有限/有限公司/公司/行政/行政助理/助理
0,112,186,f,71,北京/仲/谋/策略/广告/策划/有限/有限公司/公司/主持/主持人
0,1371,91,m,29,北京/众/思/博/智/文化/化发展/发展/有限/有限公司/公司
0,874,167,f,87,北京/优胜/美/业/科贸/有限/有限公司/公司
0,835,702,f,2215,北京/典雅/雅静/界/文化/化发展/发展/有限/有限公司/公司///专业/形象/顾问
0,101,9611,m,136,北京/出入/出入境/入境/边防/检查/总站/边检/一队/副/主任/主任科员/科员///民警/王/晶
0,237,240,m,1237,北京/前沿/移动/教育/教育科/科技/有限/有限公司/公司
0,251,4367,m,428,北京/动/维/鼎/胜/广告/有限/有限公司/公司
0,2947,5636,f,137,北京/北/奥/影视/传媒/有限/有限公司/公司
0,152,549,m,1197,北京/北京人民艺术剧院/人民/艺术/艺术剧院/剧院///舞台/技术/管理
0,712,1853,m,498,北京/北京市/京市/中银///南京///律师/律师事务/师事/事务/事务所/专职/律师
0,1333,1013,m,2859,北京/北京市/京市/中银/律师/律师事务/师事/事务/事务所/事务所律师/律师///头条/条文/文章/作者
0,1371,1158,m,20408,北京/北京市/京市/当代/律师/律师事务/师事/事务/事务所///律师
0,239,1127,m,149,北京/北京邮电/北京邮电大学/邮电/邮电大学/电大/大学/教师///吴/迪
0,1177,626,m,167,北京/北京青年报/青年/青年报/年报///北/青/传媒///策划/策划部/总监
0,120,7,m,5,北京/启/能/科技/发展/有限/有限公司/公司
0,170,76,m,76,北京/唯/吾/科技/有限/有限公司/公司/司官/官方/微博
0,98,16,m,5,北京/天/淇/乐/动/广告/传媒/有限/有限公司/公司
0,685,10937,f,2553,北京/天/美/和/成文/文化/文化传媒/传媒/有限/有限公司/公司/董事///媒体/部/总监
0,2403,1259,f,50,北京/天/财/科技/有限/有限公司/公司/采购/经理
0,649,314,m,304,北京/天下/下酒/仓/电子/电子商务/商务/有限/有限公司/公司/代理/代理商
0,565,155,m,148,北京/奥/北/中医/中医医院/医院/院中/中医/中医科/医科/医生
0,3050,1712,f,278,北京/奥/奇/科技/有限/有限公司/公司/助理
0,68,208,f,2256,北京/宁/馨/致远/财务/财务咨询/咨询/有限/有限公司/公司/公司法/司法/法定/法定代表/代表/代表人
0,123,7226,m,141,北京/安心/国际/商务/咨询/有限/有限公司/公司
0,550,667,m,4264,北京/宜/知易/明教/教育/教育科/科技/有限/有限公司/公司
0,2006,17140,m,604,北京/小/地球/科技/有限/有限公司/公司
0,411,67,m,109,北京/康乐/购/商贸/有限/有限公司/公司
0,1324,1423,m,5677,北京/微/影/时代/科技/有限/有限公司/公司/体育/体育项目/项目/项目部/目部/高级/项目/项目经理/经理
0,115,159662,f,35,北京/忧/德/无限/文化/文化传媒/传媒/有限/有限公司/公司/品牌/监督
0,2009,2147,f,414,北京/快乐/童/佳/服装/装有/有限/有限公司/公司/司官/官方/微博
0,114,10613,m,207,北京/斯/嘉/丽/医疗/美容/诊所/整形/整形外科/外科/部院/院长
0,63,42,m,6,北京/新科/科以/仁/科技/发展/有限/有限公司/公司
0,175,139,m,97,北京/昊/运/网络/网络科技/科技/有限/有限公司/公司
0,3003,27550,m,287,北京/易/拍合/网络/网络科技/科技/有限/有限公司/公司
0,101,16,m,73,北京/欢乐/之/旅/文化/化发展/发展/有限/有限公司/公司
0,156,124,m,108,北京/歌/萨尼亚/尼亚/服饰/有限/有限公司/公司
0,1074,679,f,1309,北京/潞/电/钱/江/变压/变压器/有限/有限公司/公司/销售/经理
0,3500,440,f,14,北京/热度/文化/文化传媒/传媒/职员
0,78,74,m,156,北京/玖/爱网/网络/技术/有限/有限公司/公司/司官/官方/微博
0,530,998,m,241,北京/环球/新/梦想/文化/文化传媒/传媒/有限/有限公司/公司/总经理/经理/赵/晓/阳
0,337,239,m,598,北京/百/通/嘉/讯/管理/咨询/有限/有限公司/公司
0,1139,4460,m,535,北京/盛世/卓/杰/文化/文化传媒/传媒/有限/有限公司/公司
0,1061,1922,m,1890,北京/盛世/邻里/文化/文化传媒/传媒/有限/有限公司/公司/汝州/分站/站长
0,867,370,m,1251,北京/磨/铁/数/盟/信息/信息技术/技术/有限/有限公司/公司///签约/作者
0,106,65,m,190,北京/红/景/三文/文化/文化交流/交流/交流中心/中心
0,715,796,m,13,北京/至/臻/锦/和文/文化/文化传媒/传媒/有限/有限公司/公司///联合/创始/创始人
0,967,575,m,361,北京/茅/二/酒业/有限/有限公司/公司/三门/三门峡/区域/区域经理/经理
0,2002,356,f,3107,北京/豪强/宇/科技/有限/有限公司/公司
0,269,87,m,47,北京/金/依/诺/服装/服装服饰/服饰/有限/有限公司/公司
0,94,174,m,58,北京/金/网络/联行/地产/顾问/有限/有限公司/公司
0,271,7749,f,338,北京/阿/盖尔/珠宝/有限/有限公司/公司/珠宝/设计/鉴定/师
0,348,336105,m,3215,北京/风火/文化/文化传媒/传媒
0,125,134,m,58,北京/食/乐/淘/科技/有限/有限公司/公司/高级/产品/经理
0,248,19483,m,14918,北京/首/大/耳鼻喉/医院///耳鼻喉/医师
0,5887,27978,f,99,北京/鸿/锦/天成/成文/文化/文化传媒/传媒/有限/有限公司/公司
0,209,5094,f,470,北京/鹤/舞/文化/文化传媒/传媒/有限/有限公司/公司
0,3369,1043,f,72,北京/龙/曦/化妆/化妆品/有限/有限公司/公司/招商/经理
0,163,3319,m,459,匠/谷/影像/婚纱/摄影/公司/司官/官方/微博
0,246,102,m,1244,医/管界/网站/www/yiguanjie/org/官方/微博
0,921,740,m,2760,十堰/利兹/传媒/有限/有限公司/公司/执行/董事
0,0,0,f,0,十堰/卓/贝/贸易/有限/有限公司/公司/人事/人事部/主管
0,786,595,m,1504,千山/晚报/总编/总编室/编辑
0,557,1249,m,305,半程/马拉/马拉松/运动/运动员/动员
0,818,10428,f,1821,华/迅/传播/总经理/经理
0,391,586,m,1106,华为///消费/消费者/BG/职员
0,1443,42010,m,15372,华北/水利/水利水电/利水/水电/电大/大学/大学老师/老师
0,668,370,m,453,华蓥/华蓥市/艺/度/视觉/婚纱/摄影/中心
0,445,130,f,7,华谊/天下/下文/文化/文化传媒/传媒/公司///影视/策划
0,276,872,m,404,南京/世纪/康/源/医疗/医疗器械/器械/有限/有限公司/公司
0,1379,21426,m,1011,南京/兔/教授/网络/网络科技/科技/有限/有限公司/公司
0,2449,429,f,1160,南京/南京市/京市/建邺区/云/兮/果/乐/水果/水果店
0,545,1688,m,552,南京/南京市/京市/玄武/玄武区/厚/微/咖啡/咖啡馆
0,1151,227,f,43,南京/康/尼/文化/文化传媒/传媒/有限/有限公司/公司/销售/经理
0,3944,28136,m,7442,南京/微博/名人/汇成/成员///江苏/江苏省/统计/科学/科学研究/研究/研究所/所长
0,229,43,m,26,南京/擎/码/信息/信息技术/技术/有限/有限公司/公司
0,183,13203,f,936,南京/欧/诗/黛/美容/有限/有限公司/公司
0,126,57,m,131,南京/金光/金光大道/光大/大道/贸易/有限/有限公司/公司
0,1962,56035,m,3338,南京/锦/之/旅/国际/旅游/有限/有限公司/公司/司官/官方/微博
0,1847,281,m,290,南京/飞/双/贸易/有限/有限公司/公司
0,523,34353,m,11278,南宁/南宁市/室内/室内装饰/内装/装饰/行业/行业协会/业协会/协会/协会会长/会会/会长
0,2500,282,m,119,南宁/南宁市/市名/艺/轩/美发/美发店/店长
0,1373,932,m,0,南宁/南宁市/正东/财务/财务咨询/咨询/有限/有限公司/公司
0,484,652,f,1492,南方/风尚/文化/传播/有限/有限公司/公司///市场/市场总监/总监
0,846,2891,m,10727,南水北调/水北/调/中线/渠首/和/核心/心水/水源/水源地/源地/淅川/淅川县/县官/官方/微博
0,546,1820,f,747,南腔/南腔北调/杂志/杂志社/潮流/文化/编辑
0,135,18,m,5,南通/南通市/苏/茂/工艺/工艺品/艺品/有限/有限公司/公司
0,2068,598,m,444,南阳/云/露/山/生态/生态旅游/旅游/游开/开发/发有/有限/有限公司/公司///营销/总监
0,6703,21462,m,40494,南阳/南阳市/玉/儿/也/乖/玉器/有限/有限公司/公司/市场/市场部/场部/经理
0,10042,76243,m,4645,历史/博主
0,3600,11924,m,2128,历史/博主///头条/条文/文章/作者
0,64,22,m,0,厚/叙/教育
0,693,2519,m,1451,厦门/东海/学院/学生/学生会/第十/第十一/第十一届/十一/十一届/一届/宣传/宣传部/部长
0,69,11371,f,9,厦门/厦门市/门市/天/助/心/淼/信息/信息技术/技术/有限/有限公司/公司/司官/官方/微博
0,236,137,m,50,厦门/厦门市/门市/龙抬头/抬头/商贸/有限/有限公司/公司/司官/官方/微博
0,1174,2926,m,247,厦门/惠/多/贸易/有限/有限公司/公司/设计/设计师
0,670,1848,m,2316,口腔/执业/医师
0,46,3,m,0,古/一/地产/邱/江/路/店/置业/顾问
0,32,13,m,0,台州/台州市/州市/黄岩/辰/工/机械/机械厂
0,250,171,m,203,台州/秉/鑫/商贸/有限/有限公司/公司
0,551,2283168,m,3407,司/达特/特尔/文化/文化传媒/传媒///上海///有限/有限公司/公司///视频/制片/制片人///微博/签约/自媒体/媒体
0,1307,4059,f,20093,合肥/万家/热线/房产/房产频道/频道//http///house/365jia/cn///官方/微博
0,250,739,m,2499,合肥/绿/迹/环保/公益/咨询/咨询中心/中心/总干事/干事
0,3275,243,m,44,合肥/逸/枫/文化/文化传媒/传媒/有限/有限公司/公司/服装/服装设计/装设/设计/设计师
0,247,419,m,3765,合肥/道/迅/商务/商务信息/信息/信息管理/管理/有限/有限公司/公司///市场/督导
0,803,62,m,184,吉林/吉林省/省民/通/理财/顾问/有限/有限公司/公司
0,254,26018,m,249,呼和浩特/浩特/BT/造型/无/痕/首席/造型/造型师
0,5006,623,m,127,和田/石榴/红/农业/开发/发有/有限/有限公司/公司
0,11720,62819,m,3192,哈尔/哈尔滨/哈尔滨市/五色/墨/文化/传播/有限/有限公司/公司
0,59,5,m,0,哈尔/哈尔滨/哈尔滨市/市道/道外区/外区/万隆/洗浴/用品/用品商店/商店
0,198,928,m,39,哈尔/哈尔滨/逸/美/时光/一号/店/咖啡/咖啡师
0,102,2164,f,128,唯/凡/仕/Westfans//官方/微博///与/您/一起/分享/发现/的/快乐//
0,69,8,m,1,商丘/商丘市/睢阳区/爱/婴/乐/孕/婴/童/用品/商行
0,839,299549,f,219,嘉/盈/传播///客户/总监
0,328,315,f,870,嘉兴/边/写/边/看/网络/网络科技/科技/有限/有限公司/公司///执行/校长
0,694,395,f,18,四/梁/八柱
0,582,28265,m,1401,四川/中欧/摩根/网络/网络科技/科技/有限/有限公司/公司/Ceo/林/剑锋///头条/条文/文章/作者
0,2247,1589,f,54,四川/华/绘/格调/建筑/装饰/有限/有限公司/公司/企划/经理
0,233,23043,m,18342,四川/四川省/成都/铁路/公安/公安局/西昌/公安/公安处/官方/微博
0,1996,4733,f,4290,四川/四川省/普/善/公益/协会/协会会长/会会/会长
0,1233,2756,m,3343,四川/天/泓/麦/禾/文化/文化传媒/传媒/有限/有限公司/公司///总经理/经理
0,235,15162,m,146,四川/尊/伯/服饰/有限/有限公司/公司/司官/官方/微博
0,137,171,f,36,四川/川航/航空/空航/航空/航空安全/安全/安全员/全员
0,1795,277,m,113,四川/微/容易/网络/网络科技/科技/有限/有限公司/公司
0,10363,19404,m,150407,四川/机电/职业/技术/术学/学院///职员///微/电商/达人
0,1950,10222,m,4895,四川/永/盟国/国际/货运/代理/有限/有限公司/公司
0,6092,535,m,521,四川/鸿/程/奉/达/展览/服务/有限/有限公司/公司/公司法/公司法人/司法/法人/法人代表/人代/代表
0,4000,12333,m,207,团中央/中央/网络/影视/中心/未来/网/王震/王震宇
0,212,2402,m,13,国家/二级/篮球/篮球运动/球运/运动/运动员/动员
0,483,5188,m,3293,国家/公共/营养/营养师///首都/保健/营养/美食/学会///北京/营养/营养师/俱乐部///会员
0,147,247,m,589,国家/国家统计局/统计/统计局/杭州/调查/调查队/官方/微博
0,610,2578,m,3585,国家/攀岩/社会/体育/指导/指导员///迦南/探险/户外/俱乐部///雷/宇/田
0,695,1785,m,14934,国防/国防工业/工业/出版/出版社/读者/服务/服务部/经理
0,156,249,m,34,国际///国家/质量/管理/管理体系/体系/内审/内审员
0,1047,4386,f,2013,地产/神仙/派
0,2205,137939,m,16347,地产/评论/人///微博/签约/自媒体/媒体
0,206,2115,m,299,城市/城市轨道/轨道/运营/管理/师
0,421,985,m,4856,大/V/彩/竞/彩/分析/分析师
0,2193,77122,m,11368,大众/大众网/总编/总编辑/编辑
0,25,1193,m,25,大兴/大兴安岭/大兴安岭地区/兴安/兴安岭/岭地/地区/漠河/漠河县/气象/气象局/职员/刘大伟/大伟
0,19,1098,f,13,大冶/大冶市/铜/都/金属/雕塑/院
0,1728,255,m,153,大昌/膜/业///职员
0,544,1553,m,16546,大河/报社/报社记者/记者///头条/条文/文章/作者
0,3002,609,f,160,大连/连平/平和/食品/有限/有限公司/公司/订单/处理
0,527,1719,m,151,天使/茶馆/官方/微博
0,2215,25372,m,177,天娱/传媒///签约/造型/造型师
0,1608,9782024,m,80040,天府/早报/官/博
0,61,3,m,11,天津/塞/恩斯/恩斯特/斯特/特科/科技/发展/有限/有限公司/公司
0,12556,824,f,144,天津/天津市/津市/谷/雅/商贸/有限/有限公司/公司
0,181,3626,f,2220,天津/天津市/津市/领航/科技/发展/有限/有限公司/公司/经理
0,656,2671,m,631,天津/天津市/津市/马/迭/尔/商贸/有限/有限公司/公司
0,0,0,f,0,天津/广电/广电网/电网/网络///运行/维护/中心/职员
0,138,87,m,297,天津/津津/京/玻壳/股份/股份有限/有限/有限公司/公司
0,28,41,m,113,天津/滨海/滨海新区/新区/文联/工作/工作人员/作人/人员
0,604,6353,m,2990,天津/相声/快板/演员//
0,175,23535,f,178,天津/颐/品/源/商贸/有限/有限公司/公司
0,1123,442,m,1933,天融信/公司///品牌/品牌设计/设计/设计师
0,831,24349,m,117,太原/天使/书柜/网络/网络科技/科技/有限/有限公司/公司/公司法/公司法人/司法/法人/法人代表/人代/代表
0,604,1150,m,302,太原/太原市/迎泽/迎泽区/无名/果/食品/食品店
0,1422,570,f,1682,太平/太平洋/网络/编辑
0,385,2436,m,325,头条/条文/文章/作者
0,316,198,m,349,头条/条文/文章/作者
0,703,3103,f,1182,头条/条文/文章/作者
0,1513,24204,m,415,头条/条文/文章/作者
0,159,75,m,151,头条/条文/文章/作者
0,4770,12101,m,251,头条/条文/文章/作者
0,1438,550,m,5048,头条/条文/文章/作者
0,1463,111574,m,940,头条/条文/文章/作者
0,1317,2337,m,5012,头条/条文/文章/作者
0,1742,592,m,77,头条/条文/文章/作者
0,3031,10211,m,4508,头条/条文/文章/作者
0,445,12126,m,48,头条/条文/文章/作者
0,344,538,m,215,头条/条文/文章/作者
0,1018,23646,m,15,头条/条文/文章/作者
0,121,200,m,236,头条/条文/文章/作者
0,643,230,m,833,头条/条文/文章/作者
0,783,251,m,313,头条/条文/文章/作者
0,1125,166,m,915,头条/条文/文章/作者
0,89,2094,m,385,头条/条文/文章/作者
0,105,20,m,36,头条/条文/文章/作者
0,90,1372,m,1139,头条/条文/文章/作者
0,326,244,m,1722,头条/条文/文章/作者
0,480,202,m,396,头条/条文/文章/作者
0,3151,6760,m,3174,头条/条文/文章/作者
0,2343,10654,f,375,如/新///中国///日用/保健/保健品/有限/有限公司/公司/市场/市场部/场部/经理
0,1002,449,f,907,威海/本/目/生物/生物科技/科技/运营/总监
0,206,89,m,139,威海/海国/国美/电器/有限/有限公司/公司///副/店长
0,11401,6970,m,21405,娱乐/博主
0,55,244,f,925,娱乐/博主
0,459,11579,m,871,娱乐/博主///前///百度/糯米/销售/经理///搞笑/视频/自媒体/媒体
0,70,606,f,4504,娱乐/综艺/视频/自媒体/媒体
0,430,369,m,494,媒体/人
0,612,1049819,m,4620,媒体/人///头条/条文/文章/作者
0,4677,179600,m,11938,媒体/人///济南////华夏/时报/记者///头条/条文/文章/作者
0,1177,4137,m,1676,媒体/人///焦作////焦作/日报/摄影/摄影记者/记者
0,59,654,f,474,媒体/人///郑州//
0,4800,117474,m,55,媒体/从业/从业者/业者///资深/媒体/人
0,748,117,m,39,宁夏/中宁/中宁县/宁县/汉/树/枸杞/官方/微博//
0,69,0,m,1,宁波/保税/保税区/吉/卜/箱包/包商/商行
0,772,253,m,111,宁波/宁波市/奉化/区/城市/管理/义务/义务工/务工/工作/工作者/作者/协会/官方/微博
0,3322,189214,m,34211,宁波/宁波市/网络/文化/协会/常务/常务理事/理事///头条/条文/文章/作者///微博/签约/自媒体/媒体
0,46,4650,m,28,宁波/得/月/街/信息/科技/有限/有限公司/公司
0,667,418,m,658,宁波/新/索/气动/气动液压/液压/设备/备有/有限/有限公司/公司///机械/机械工程/工程/工程师/叶/武/迪
0,777,333,m,238,宁波/谌/氏/心/宇/灵/网络/网络科技/科技/有限/有限公司/公司
0,165,28178,m,20,宇/环/传媒/文化///艺人/经纪/经纪人
0,560,617200,m,27,宇通/优/购/官方/微博
0,3026,997,m,1466,安/惠/生物/生物科技/科技/公司/营销/人
0,1214,95,m,56,安庆/安庆市/振/风/社会/社会工作/工作/发展/中心
0,119,15,f,22,安徽/美/度/信息/信息技术/技术/有限/有限公司/公司
0,1007,552,m,2676,安阳/安阳市/殷/都/外国/外国语/国语/中学/官方/微博
0,630,423,m,793,宜昌/快/马/仕/网络/网络科技/科技/有限/有限公司/公司
0,1279,463,f,1813,宝/能/控股///中国///有限/有限公司/公司///招商/商主/主管
0,3971,38391,m,175337,宝贝/回家/广东/负责/负责人/责人/之一///多个/志愿/志愿者/愿者/团体/成员///广铁/员工///梁/永宁////新浪/微/公益/爱心/团/成员
0,2614,1092,m,2580,宝鸡/上/善/公益/援助/中心
0,153,33,m,29,宝鸡/微博/房产/官方/微博
0,122,56,m,16,宣化/宣化区/启/辰/装饰/装修/服务/服务部/市场/经理
0,40,36,f,72,室内/内家/家居/花园/空间/的/半/定制/园艺/园艺产品/产品///养/管/服务///馆内/内参/参与/体验/活动
0,806,402,m,3,室内/室内设计/内设/设计/计工/工程/工程师
0,2287,2460,f,32,室内/室内设计/内设/设计/设计师
0,216,91,f,216,容城/容城县/冀/晖/精品/毛绒/毛绒玩具/玩具/销售/销售部
0,97,2463,m,786,宿迁/宿迁市/洋河/新城/巨人/装饰/材料/经营/经营部/营部
0,680,7089,m,187,寰/影///北京///文化/文化传媒/传媒/有限/有限公司/公司
0,2336,11220,m,1605,寻乌/寻乌县/百事/橙/农业/发展/有限/有限公司/公司
0,389,37,m,13,封丘/封丘县/丘县/顺/佳/阁楼/伸缩/楼梯/销售/销售部
0,99,118,m,51,小学/小学教师/教师
0,875,135,m,126,小学/数学/数学教师/教师
0,524,191,m,67,山东/一/购/到/家信/信息/科技/有限/有限公司/公司
0,446,150,f,54,山东/山东省/博兴/博兴县/兴县/博/嵘/纺织/有限/有限公司/公司
0,65,8355,m,122,山东/山东省/眼科/眼科医院/医院/副/院长/高/华
0,354,39,m,77,山东/文/商/商贸/有限/有限公司/公司
0,348,882,m,3262,山东/日照/德/与/法律/律师/律师事务/师事/事务/事务所/事务所律师/律师
0,142,86,f,81,山东/飞度/胶/业/科技/科技股/科技股份/股份/股份有限/有限/有限公司/公司
0,1803,20271,f,6977,山海/鲸/跨媒体/媒体/创作/作人
0,2014,362,m,375,山西/云冈/律师/律师事务/师事/事务/事务所
0,172,233,m,210,山西/山西太原/太原/小商/小商品/商品/批发/批发市场/发市/市场/股份/股份有限/有限/有限公司/公司
0,1246,13689,m,21696,山西/山西省/省公安厅/公安/公安厅/交通/交通警/交通警察/警察/总队/高速/三支/支队/一大/大队/民警
0,90,679,m,18,山西/现代/心理/心理咨询/咨询/有限/有限公司/公司/心理/心理咨询/咨询/咨询师
0,1998,235,m,11,岳阳市/新方/智/信息/科技/有限/有限公司/公司
0,2097,12090,m,29494,嵩县/旅游/旅游局/副局长/局长
0,160,324,m,35,工程/工程师
0,253,340,m,188,巩义/巩义市/源/通/机械/科技/有限/有限公司/公司
0,1481,1579,m,215,市政/市政工程/政工/工程/工程质量/质量/员
0,60,9,m,2,常州/常州市/州市/灿/搏/旅游/用品/有限/有限公司/公司
0,1703,603,m,107,平面/平面设计/设计/设计师
0,189,16662,m,145,平面/平面设计/设计/设计师///设计/美学/学博/博主
0,1016,173,m,107,平顶/平顶山/玉/京/温泉/度假/假酒/酒店/有限/有限公司/公司
0,81,512,f,141,广/禾/堂/草本/本生/生物/生物科技/科技///上海///有限/有限公司/公司/高级/调理/师/赵/力
0,710,314,f,1276,广东/东华/强/信息/科技/有限/有限公司/公司///设计/设计师
0,2503,1760,m,2154,广东/东邦/仁/律师/律师事务/师事/事务/事务所/事务所律师/律师
0,409,9826,m,351,广东/名/宇/建筑/建筑工程/工程/有限/有限公司/公司////项目/项目经理/经理
0,1992,4734,m,3079,广东/广/强/律师/律师事务/师事/事务/事务所////律师
0,5584,60171,m,36076,广东/广东省/肇庆/公安/公安民警/安民/民警
0,287,242,m,81,广州/万/宜/数控/设备/备有/有限/有限公司/公司
0,93,244,m,201,广州/品/睿/家居/家居用品/用品/有限/有限公司/公司
0,352,20335,m,722,广州/天/拓/网络/技术/有限/有限公司/公司/深圳/分公司/公司/营销/经理
0,1021,15962,m,198,广州/安进/信息/科技/有限/有限公司/公司
0,3067,590,m,192,广州/宝/蒂/美容/仪器/有限/有限公司/公司
0,176,1547,m,700,广州/尚/美/传媒/有限/有限公司/公司/设计/设计师
0,840,207,f,378,广州/广州市/州市/天眼/网络/网络科技/科技/有限/有限公司/公司
0,467,59,m,37,广州/广州市/州市/寰/越/服饰/有限/有限公司/公司
0,38,13,m,0,广州/广州市/州市/市井/歌/其/服饰/有限/有限公司/公司
0,372,549,f,1220,广州/广州市/州市/怡/家/快捷/快捷酒店/酒店/有限/有限公司/公司//////职员
0,123,24261,m,768,广州/广州市/州市/沣/路/服饰/有限/有限公司/公司
0,822,560,m,520,广州/广州市/州市/科/嘉/贸易/有限/有限公司/公司///职员/李/朝臣
0,126,87,m,118,广州/广州市/州市/简/成/门窗/有限/有限公司/公司/销售/代表
0,269,132,m,210,广州/广州市/州市/银/缘/首饰/有限/有限公司/公司/王/志/里
0,390,494624,m,1099,广州/微博/房产/官方/微博
0,158,2061,m,600,广州/摩卡/卡文/文化/传播/有限/有限公司/公司///艺术/艺术总监/总监
0,63,368,m,40,广州/明/蔻/生物/生物科技/科技/有限/有限公司/公司
0,546,207,f,242,广州/柏林/世家/家家/家居/家居用品/用品/有限/有限公司/公司/销售/顾问
0,314,10315,m,57,广州/法/木/勒/信息/科技/有限/有限公司/公司/司官/官方/微博
0,631,7638,m,35,广州/爱/连/信息/科技/有限/有限公司/公司
0,630,118,f,322,广州/玉/康生/生物/生物科技/科技/有限/有限公司/公司
0,11,859,f,28,广州/理想/猫科/科技/有限/有限公司/公司/司官/官方/微博
0,8417,1873,m,2835,广州/瑨/文/酒店/酒店用品/用品/有限/有限公司/公司/司官/官方/微博
0,2274,3799,m,93,广州/轩/道/诗/珠宝/有限/有限公司/公司////设计/设计师
0,1522,1878,m,3129,广西/梧州/梧州市/州市/公安/公安局/龙/圩区/区分/分局/刑侦/二/大队/官方/微博
0,3670,23008,m,8033,广西/西河/河池/河池市/天峨/天峨县/人民/人民政府/民政/政府/副县长/县长
0,763,2328,m,2786,应城/应城市/城市/盛世/酒楼///业务/业务经理/经理///盛/岁寒
0,614,131,f,27,廊坊/廊坊市/津城/密封/密封件/厂
0,565,456,f,955,开封/开封市/新/时代/暖通/通工/工程/有限/有限公司/公司
0,425,21,m,5,开远/文达/文文/文化/文化产业/产业/有限/有限公司/公司
0,765,1274,f,1220,引言/文化/传播/运营/总监
0,2022,15609,m,35375,张旭/张旭东/旭东///中国/中国家电/国家/家电/人/联盟/执委///水家电/家电/专员///微博/签约/自媒体/媒体///微博/签约/自媒体/媒体
0,1886,43400,m,21357,强手/堂/美容/健康/管理
0,78,2018,f,72,当涂/当涂县/伊/磊/商贸/有限/有限公司/公司/美容/护肤/讲师
0,503,67,m,25,徐州/广/亨/商贸/有限/有限公司/公司
0,357,2750,m,1875,徐州/简/珍/商贸/有限/有限公司/公司/数据/产品/经理
0,955,113,m,221,徐海/海军
0,2001,212,f,15,御/沁/堂/旗下/下官/官方/认证/微博
0,755,18071,m,1659,微/电商/达人
0,3050,11558,m,5022,微/电商/达人
0,6133,26005,f,76701,微/电商/达人
0,4544,12578,m,33729,微/电商/达人///头条/条文/文章/作者
0,4711,18202,f,132164,微/电商/达人///头条/条文/文章/作者
0,160,942855,f,397,微博/企业/企业家/服务/官方/帐号
0,603,76364,f,389,微博/健康/养生/账号///微博/签约/自媒体/媒体
0,494,4259261,f,2200,微博/军事/博主///头条/条文/文章/作者///微博/签约/自媒体/媒体
0,4369,691,m,194,微博/区域/媒体/人///渭南//
0,616,990994,m,2085,微博/区域/媒体/人/官方/微博
0,914,3851,m,13534,微博/技术/打杂
0,4819,210820,m,7574,微博/时事/帐号
0,1192,9239561,m,13197,微博/知名/博主///微博/签约/自媒体/媒体
0,296,1073670,m,2407,微博/知名/娱乐/博主///微博/娱/评/团/成员///微博/签约/自媒体/媒体
0,112,1607633,m,59439,微博/知名/职场/管理/帐号///教育/视频/自媒体/媒体
0,318,94052,m,4594,微博/股评/团/成员///头条/条文/文章/作者///微博/签约/自媒体/媒体
0,129,69961,m,3468,微博/股评/师
0,2172,100106,m,3176,微博/股评/师///财经/视频/自媒体/媒体
0,2176,824234,m,32329,微博/郑州/同城/大使///知名/本地/博主
0,5801,13614,m,253,德惠/德惠市/人民/人民法院/民法/法院///副/院长////头条/条文/文章/作者
0,799,11395,m,758,德阳/德阳市/市区/吾/靓/美发/沙龙///造型/造型师
0,775,1444,m,8510,心理/心理咨询/咨询/咨询师
0,2760,3503,m,1872,心理/心理咨询/咨询/咨询师///头条/条文/文章/作者
0,0,0,m,0,必/格/媒/客/科技/有限/有限公司/公司/主编///头条/条文/文章/作者
0,632,959,m,2060,恐龙/谷/漂流/官方/微博
0,2506,6464,f,2759,情感/博主
0,232,252,f,1620,情感/博主
0,614,8673,f,3390,情感/博主
0,439,20925,f,1289,情感/博主
0,159,33229,f,194,情感/博主
0,173,709,f,775,惠州/惠州市/州市/汇/乐/体育/体育运动/运动/俱乐部///运营/负责/负责人/责人///
0,88,13,m,95,慈溪/慈溪市/横/河/傲/威/制衣/制衣厂
0,189,1222,f,222,慧/聪/书院/研究/研究员
0,240,67,f,156,成都/世纪/宇/驰/商务/服务/有限/有限公司/公司
0,135,2108,m,66,成都/叮叮/户外/户外运动/外运/运动/有限/有限公司/公司
0,497,2095,m,708,成都/嘉联/顾问/有限/有限公司/公司/副总/刘/忠
0,89,93,m,79,成都/大学/BIM/协会/协会会长/会会/会长
0,28,1184,f,338,成都/成都市/都市/兴/网/传媒/有限/有限责任/责任/公司/媒介/总监
0,65,26,m,40,成都/文化/传播/有限/有限公司/公司
0,136,122,f,43,成都/方/大/彩/钢结构/结构/工程/有限/有限公司/公司
0,77,2346,f,1,成都/有声/科技/有限/有限公司/公司/司官/官方/微博
0,455,25629,m,609,成都/物/聚聚/电子/电子商务/商务/有限/有限公司/公司
0,139,4047,f,43,成都/童/馨/文化/网络/网络科技/科技/有限/有限公司/公司/司官/官方/微博
0,57,2757,m,266,成都/都乐/居/华/庭/装饰/工程/有限/有限公司/公司/武汉/分公司/公司
0,406,574,m,1395,成都/链/家地/地产/产经/经纪/经纪人
0,566,145,m,85,成都/锦/恒/荣/泰/电气/电气设备/设备/备有/有限/有限公司/公司
0,282,5756,m,409,房产/博主
0,2557,3121,m,24804,房产/博主
0,350,744,m,2677,房产/博主///头条/条文/文章/作者
0,2083,11464,m,3739,房产/博主///头条/条文/文章/作者
0,463,23343,m,3532,手绘/师///插画/画家///设计/设计师///著有///建筑/语/绘///等
0,448,157,m,13,打造/中原/中原区/地区/食/药/安全/全消/消费/警示/平台
0,733,1451,f,445,扬州/思/硕/鞋业/有限/有限公司/公司
0,309,155,m,235,抚州/劲风/酒业/有限/有限公司/公司
0,837,24486,m,4556,抚州/网民/民生/生活/新/媒体/新/抚州/网/www/xinfuzhou/com/官方/微博
0,1799,8261,m,879,抚松/抚松县/大自然/自然/生物/生物工程/工程/有限/有限公司/公司/司官/官方/微博
0,730,2888,m,779,招财/招财猫///北京///国际/文化/文化传媒/传媒/有限/有限公司/公司///销售/销售部/经理
0,713,621,m,488,按键/按键精灵/精灵/开发/开发者/认证
0,855,1211,m,83,揭阳/揭阳市/宜/馨/贸易/有限/有限公司/公司///部门/主管/李/忆/华
0,4002,11633,f,3259,搞笑/幽默/博主
0,1319,12634,m,3510,搞笑/幽默/博主
0,10915,48295,f,1725,搞笑/幽默/博主
0,2186,27346,m,329,搞笑/幽默/博主///搞笑/视频/自媒体/媒体
0,7467,2667,m,729,搞笑/视频/自媒体/媒体
0,2082,566,m,106,搞笑/视频/自媒体/媒体
0,35,4,f,1,携程/旅行/旅行家/行家
0,1029,43310,f,2428,摄/家/网/官方/微博
0,713,4242,m,2079,摄影/博主
0,757,9331,m,401,摄影/博主///头条/条文/文章/作者
0,595,267,m,163,摄影/摄影师
0,2007,242,m,301,擎/雷///上海///防伪/科技/有限/有限公司/公司
0,5522,4961,m,3450,教育/博主
0,1007,5090,m,1025,教育/博主///头条/条文/文章/作者
0,990,1215,m,1930,教育/博主///河南/农业/农业大学/业大/大学/大学/大学生/学生/记者/记者团/团团/团团长/团长/////中国/国图/图库/签约/摄影/摄影师///头条/条文/文章/作者
0,176,483,m,1380,数码/博主
0,1768,10844,m,3147,数码/博主
0,282,150752,m,1259,新/企业/企业家/官方/微博
0,515,17242,f,3093,新/爱/婴/早教/中心/官方/微博///新/爱/婴/早教/教父/父母/微/学堂
0,500,307,m,34,新/道/科技/科技股/科技股份/股份/股份有限/有限/有限公司/公司/校企/合作/合作部/经理
0,198,2228,m,193,新/麦/机械/协理
0,312,271,m,104,新宾/宾县/人民/人民法院/民法/法院/司法/司法警察/法警/警察
0,348,165,f,137,新密/新密市/供销/供销合作/合作/合作社/社联/联合/联合社/机关/支部/支部书记/书记
0,1326,536,m,233,新密/新密市/供销/供销合作/合作/合作社/社联/联合/联合社/社党/党政/党政办/副/主任/张/兵/强
0,507,1048,m,975,新乡/新乡市/红旗/红旗区/小资/味/餐厅
0,216,335,m,191,新昌/新昌县/保罗/思/黛/服装/装有/有限/有限公司/公司/总监////吴/世/磊
0,486,589,f,531,新洲/趋势///北京///国际/公关/关顾/顾问/有限/有限公司/公司/人事/专员
0,523,82609,f,3628,新派/网络/技术/有限/有限公司/公司/技术/技术部/助理
0,369,202,m,129,新浪/众/测/达人
0,133,118474,m,2289,新浪/名/博/博主
0,111,4816740,f,6805,新浪/微博/4G/客户/客户端/官方/微博
0,2435,9029,m,7339,新浪/微博/内容/运营
0,1576,116125,m,5275,新浪/微博/安徽/官方/微博
0,971,50511,m,9935,新闻/当事/当事人///河南/90/后/实习/乘警///李/博亚
0,92,5856,m,395,新闻/快讯/网///总编
0,307,34989,m,991,旅游/博主
0,774,15427,m,3392,旅游/博主///头条/条文/文章/作者
0,436,97923,m,10515,旅游/旅游社/社区/社区网/网站/磨房/网/www/doyouhike/net/官方/微博
0,49,44,m,36,无锡/无锡市/洛/社中/中心/中心小学/小学/官方/微博
0,762,975,f,1465,无锡/无锡市/顺/发/快运/有限/有限公司/公司/经理
0,1077,1260,f,20,无锡/瀚/思/装饰/设计/计有/有限/有限公司/公司/营销/经理
0,1052,1224,f,19,无锡/瀚/思/装饰/设计/计有/有限/有限公司/公司/营销/经理
0,81,67720,m,4159,旭日/极速/贸易///上海///有限/有限公司/公司//
0,134,14,m,3,旭日/森工/工程/官方/微博
0,5019,111578,m,2336,时尚/博主///头条/条文/文章/作者///微博/签约/自媒体/媒体
0,11976,198303,m,250,时尚/达人///华谊/兄弟/传媒/股份/股份有限/有限/有限公司/公司/签约/造型/造型师
0,409,517397,f,759,时尚/达人///时尚/美/妆/视频/自媒体/媒体///微博/签约/自媒体/媒体
0,196,41297,m,7410,时尚/集团///芭/莎/男士///主编///旅行/视频/自媒体/媒体
0,119,38,m,341,昆明/兆/运/贸易/有限/有限公司/公司
0,64,1525,m,24,昆明/昆明人/明人/人民/广播/广播电台/电台/DJ/李/书/航
0,1755,163383,m,690,昆明/航迹/文化/传播/有限/有限公司/公司/总经理/经理///娱乐/综艺/视频/自媒体/媒体///微博/签约/自媒体/媒体
0,690,232,m,395,昆明/行云/货运/服务/有限/有限公司/公司
0,91,89,f,73,昌江/昌江区/晟/尚/陶瓷/陶瓷厂/瓷厂
0,640,353,f,5642,易/贸/集团/团职/职员
0,40,22,m,5,易/采///北京///网络/网络科技/科技/有限/有限公司/公司
0,391,225,m,1336,易车网/沈阳/营销/顾问
0,712,202,m,3733,星空/电讯/科技/发展///北京///有限/有限公司/公司/司职/职员
0,105,9995,m,590,春/盛/中药/中药饮片/饮片/股份/股份有限/有限/有限公司/公司/销售/经理
0,179,288,m,11,晖/盟///广州///服装/装有/有限/有限公司/公司///首席/设计/设计师
0,119,1832,f,6,晨/之/花园/www/086pay/net/官方/微博
0,222,68,m,98,景德镇/旭/豪/贸易/有限/有限公司/公司
0,236,2208,f,44,智/天/红/国际/文化/化发展/发展///北京///有限/有限公司/公司
0,166,1462,m,804,暖冬/行动/官方/微博
0,561,299,m,450,期货/从业/从业人员/人员
0,1764,577,m,190,本地/资讯/博主///上海//http///t/cn/RUmMhZ7
0,904,27828,m,4845,本地/资讯/博主///天水//
0,1503,62406,m,6360,本地/资讯/博主///广元/////美食/点评/团/成员///头条/条文/文章/作者
0,2756,94508,m,12379,本地/资讯/博主///开封//http///t/cn/RUmMhZ7
0,2210,186512,m,7601,本地/资讯/博主///武汉//http///t/cn/RUmMhZ7
0,975,84085,m,5104,本地/资讯/博主///西安////微/电商/达人///资讯/视频/自媒体/媒体
0,4675,209509,m,59650,本地/资讯/博主///西安///美食/点评/团/成员///微/电商/达人///资讯/视频/自媒体/媒体
0,537,29592,m,1591,本地/资讯/博主///郑州//
0,111,155187,m,11138,本地/资讯/博主///郑州///资讯/视频/博主///资讯/视频/自媒体/媒体
0,889,1279,m,3243,杏仁/仁医/医生/app/优秀/医生
0,177,153,m,58,杭州/云/佰/燕科/科技/有限/有限公司/公司/司官/官方/微博
0,104,57,m,68,杭州/凡/鱼/湖/科技/有限/有限公司/公司
0,538,144,f,3,杭州/叙/简/科技/有限/有限公司/公司
0,786,1464,m,1053,杭州/哥特/广告/有限/有限公司/公司
0,76,32,m,51,杭州/唯/视/广告/策划/有限/有限公司/公司
0,243,4683,f,176,杭州/尚/拓/装饰////首席/设计/设计师
0,2455,248,m,36,杭州/布/玛/商贸/有限/有限公司/公司/新/媒体/运营
0,565,7767,m,493,杭州/恒/印/婚庆/服务/有限/有限公司/公司///婚庆/策划/策划师
0,1216,511875,m,1025,杭州/抢先/文化/文化传媒/传媒/有限/有限公司/公司
0,2910,3621,f,1990,杭州/杭州市/州市/收藏/协会/协会会员/会会/会员
0,2034,192,m,35,杭州/爱/怡/康/科技/有限/有限公司/公司/司官/官方/微博
0,738,3099,m,3176,杭州/老板/电器/股份/股份有限/有限/有限公司/公司/推广/专员
0,142,50,m,19,杭州/耽/美/信息/科技/有限/有限公司/公司
0,217,174,m,385,杭州/脂/老虎/生物/生物科技/科技/有限/有限公司/公司/公司财务/财务/助理
0,83,19,m,69,杭州/荣/卫/堂/健康/咨询/有限/有限公司/公司/司官/官方/微博
0,82,84,m,115,杭州/金/久/星/科技/有限/有限公司/公司
0,19,185,m,137,杭州/铿/逸/信息/信息技术/技术/有限/有限公司/公司/高级/软件/软件工程/工程/工程师
0,2235,20401,m,1,杭州/青/鸥/科技/有限/有限公司/公司/销售/经理
0,346,67438,m,58407,松江/松江区/卫生/卫生学/卫生学校/学校///讲师
0,900,95,m,37,果/三区///北京///科技/有限/有限公司/公司
0,1418,214,m,21,枣庄/枣庄市/新/盛/商贸/有限/有限公司/公司/司官/官方/微博
0,830,408,f,689,柳江/柳江县/扁/扁食/食品/经营/经营部/营部/老板
0,56,20329,f,23,歌手///代表/代表作///爱情/是/什么//
0,2345,12774,m,3222,歌手/何/静/经纪/经纪人
0,168,460,f,129,正/和/岛/智库/官方/微博
0,861,10419,m,420,正阳/正阳县/众/义/达/商贸/有限/有限公司/公司
0,240,379,f,325,武义/金尚/工艺/工艺品/艺品/有限/有限公司/公司/公司财务/财务
0,1886,2448,f,58,武汉/两江/美/居/环保/科技/有限/有限公司/公司///销售/经理
0,3385,11445,m,1103,武汉/亿/家/诚信/房产/产经/经纪/有限/有限公司/公司///置业/顾问
0,122,50,m,308,武汉/国华/礼品/发展/有限/有限公司/公司
0,632,681,f,1361,武汉/晚报/报信/信源/中心/记者
0,2091,8033,f,5369,武汉/武汉大学/大学///河南///教育/培训/培训中心/中心/主任////尹/宁
0,5922,15955,m,252,武汉/武汉市/聚/雅/图/数字/数字影像/影像/传媒/有限/有限公司/公司/摄影/摄影师/陈/育/华///头条/条文/文章/作者
0,637,1202,m,2977,武汉/爱/创/文化/传播/有限/有限公司/公司///财务/财务主管/主管
0,640,5451,f,5017,水星/动力///北京///科技/有限/有限公司/公司///市场/市场总监/总监
0,497,5170,f,51,永/动心/文化/化发展/发展///北京///有限/有限公司/公司///艺术/艺术总监/总监
0,231,210,f,572,永/旺/华南/商业/有限/有限公司/公司/市场/研究/研究员
0,224,46,m,34,永康/永康市/佳/朗/五金/五金制品/制品/制品厂
0,68,4,m,3,永康/永康市/贵/铭/工贸/有限/有限公司/公司
0,502,695,f,1452,永春/永春县/桃/城/茉/夕/服装/服装店///经营/经营者
0,777,7072,m,95,汇/品/电子/电子商务/商务/河北/有限/有限公司/公司
0,47,19,m,2,汉中/盖亚/网络/网络科技/科技/有限/有限公司/公司
0,4248,692,m,171,汕头/汕头大学/大学/学医/医学/医学院/学院/第二/附属/医院///外科/外科医生/医生
0,432,3795,m,277,汕头/汕头市/亨/达利/钟表/有限/有限公司/公司/顾问
0,0,0,m,0,江海/证券/大连/连营/营业/营业部/徐/泽/宇
0,4099,724,m,131,江苏/全球/鹰/健康/科技/有限/有限公司/公司
0,475,8624,m,755,江苏/商报////商业/记者
0,974,3805,f,26,江苏/江苏省/兴国/国教/教育///咨询/咨询师
0,337,367,m,760,江苏/苏澳/洋/纺织/实业/有限/有限公司/公司/销售
0,54,60,m,167,江苏/雷/萨/自控/阀门/有限/有限公司/公司
0,1392,2350,m,400,江西/义/箪/稻/粱/食品/有限/有限公司/公司
0,2087,4517,m,3064,江西/日报/记者/杜/金存
0,1254,140891,m,3112,江西/江西省/赣州/赣州市/州市/公安/公安局/官方/微博
0,1148,185,m,73,江西/赣/管家/服务/有限/有限公司/公司/司官/官方/微博
0,165,193,f,43,江阴/阴电/电视/电视台/媒体/人
0,891,2170,m,362,汽车/博主
0,865,1368053,m,33088,汽车/车营/营销/分析/网站//im4s/cn//官方/微博
0,4667,5651,m,1341,汽车/达人
0,4526,384,f,76,沈阳/南/高/装饰/工程/有限/有限公司/公司/建筑/建筑设计/设计/设计师
0,5003,505,f,65,沈阳/麒麟/影视/影视动画/动画/有限/有限公司/公司/摄影/摄影师
0,65,59,m,31,沣/东/自/贸/产业/产业园/官方/微博
0,1704,1348,f,403,沧州/运/恒/汽车/销售/服务/有限/有限公司/公司
0,2029,1160,m,2901,河东/河东区/东区/八/湖/镇/人民/人民政府/民政/政府/科员
0,505,356,m,753,河北/暴走/暴走族/汽车/俱乐部///会长
0,189,2943,m,2853,河北/河北省/省优/优秀/志愿/志愿者/愿者///健康/博主
0,742,17527,f,8111,河北/河北省/省公安厅/公安/公安厅/政治/政治部/部副/主任/兼/宣传/宣传处/处长
0,19267,215898,m,3306,河北/河北省/魏县/佛教/佛教协会/协会/副会长/会长///魏县/白/佛寺/住持
0,504,2352,m,176,河北/百/辰/文化/传播/有限/有限公司/公司///石家/石家庄/家庄/爱车/网///网站/主编
0,85,5635,f,179,河北/铭/鼎/文化/文化传媒/传媒/有限/有限责任/责任/公司/董事/董事长
0,749,921,m,1272,河南/农业/农业大学/业大/大学/外语/外语学院/学院/院团/院团委/团委/团委书记/书记////周/晓
0,813,6879,m,8792,河南/农业/农业大学/业大/大学/大学/大学生/学生/记者/记者团/官方/微博
0,167,163,m,122,河南/农业/农业大学/业大/大学/郭/治/鹏
0,506,5524,m,9257,河南/南华/华侨/实业/有限/有限公司/公司
0,1134,585,m,597,河南/南大/大陆/农牧/技术/有限/有限公司/公司///人力/人力资源/人力资源部/资源/部/经理
0,2869,619,m,6465,河南/南龙/禧/实业/有限/有限公司/公司
0,3406,1376,m,3230,河南/博/责/餐饮/管理/有限/有限公司/公司/杨/风/宇
0,31,4,m,250,河南/善/德/中医/中医药/医药/有限/有限公司/公司
0,1937,732,m,4160,河南/工业/业大/大学/继续/教育/教育学/学院///职业/技术/术学/学院/副/院长///肖/华
0,1025,6771,m,1720,河南/手机/报/豫/报/员
0,1816,5347,m,632,河南/河南人/南人/人民/出版///编审
0,719,418,m,55,河南/河南人/南人/人民/广播/广播电台/电台/农村/广播/新闻/采访/采访部/主任///耿/娟
0,167,188,f,121,河南/河南大学/南大/大学/民生/学院///党委/宣传/宣传部/新/媒体/中心/采编/采编部/部长
0,294,939,m,1546,河南/河南大学/南大/大学/药学/药学院/学院/青年/青年志愿者协会/志愿/志愿者/愿者/协会/官方/微博
0,946,284,m,499,河南/河南省/三门/三门峡/三门峡市/湖滨/湖滨区/财政/财政局/政局/官方/微博
0,1666,2456,f,2053,河南/河南省/三门/三门峡/三门峡市/灵宝/灵宝市/市民/民警///李/吉/超
0,110,12,m,2252,河南/河南省/三门/三门峡/三门峡市/社科/社科联/科联/官方/微博
0,615,7498,m,7443,河南/河南省/临颍/临颍县/中小/中小企业/小企业/企业/服务/服务局/南街/南街村/服务/服务中心/中心/顾问
0,173,916,m,925,河南/河南省/信阳/信阳市/公安/公安局/警务/调查/官方/微博
0,3694,39947,m,16429,河南/河南省/公安/公安民警/安民/民警///资讯/视频/自媒体/媒体///微博/签约/自媒体/媒体
0,1929,558,m,1006,河南/河南省/南阳/南阳市/卧龙/卧龙区/发展/和/改革/委员/委员会/官方/微博
0,508,349,m,4688,河南/河南省/南阳/南阳市/唐河/唐河县/林业/林业局/官方/微博
0,1250,486,m,1921,河南/河南省/南阳/南阳市/新野/新野县/文明/文明办/官方/微博
0,2614,32918,m,24619,河南/河南省/卫辉/卫辉市/文明/文明办/官方/微博
0,881,7625,m,2137,河南/河南省/周口/周口市/商水/商水县/县委/网络/网络管理/管理/管理中心/中心/官方/微博
0,2139,53708,m,990,河南/河南省/周口/周口市/市招/招商/服务/服务局/副局长/局长
0,124,456,m,2502,河南/河南省/周口/周口市/淮阳/淮阳县/四通/镇/人民/人民政府/民政/政府/官方/微博
0,669,8267,m,23994,河南/河南省/商丘/商丘市/宁陵/宁陵县/陵县/宣传/宣传部/官方/微博
0,798,210,m,299,河南/河南省/平顶/平顶山/平顶山市/鲁山/鲁山县/山县/张/良/镇政府/政府/官方/微博
0,416,14477,m,463,河南/河南省/广成子/文化/传播/有限/有限公司/公司/首席/文化/官
0,962,581,m,174,河南/河南省/总工/总工会/工会/宣传/宣传教育/传教/教育/教育部/部长
0,1924,1726,m,3484,河南/河南省/新乡/新乡市/供销/供销合作/合作/合作社/官方/微博
0,1971,583,f,902,河南/河南省/新乡/新乡市/公路/管理/管理局/沥青/一/库/官方/微博
0,197,1449,m,133,河南/河南省/新乡/新乡市/卫滨区/胜利/胜利路/办事/办事处/官方/微博
0,68,53,m,144,河南/河南省/河南省委/省委/外宣/办/工作/工作人员/作人/人员
0,1542,251525,m,15148,河南/河南省/省公安厅/公安/公安厅/干部
0,3316,3346,m,18473,河南/河南省/省公安厅/公安/公安厅/高速/速交/交警/警总/总队/十支/支队/副/支队/支队长/队长
0,664,402,m,1645,河南/河南省/省文/文明/文明办/工作/工作人员/作人/人员
0,292,619,f,2102,河南/河南省/省文/文明/文明办/工作/工作人员/作人/人员
0,582,2236461,m,12663,河南/河南省/社会/社会科学/社会科学界/科学/科学界/学界/联合/联合会/合会/官方/微博
0,615,2482,m,922,河南/河南省/科学/科学技术/技术/技术馆
0,3974,36151,m,51989,河南/河南省/罗山/罗山县/山县/公安/交警/交警大队/大队/民警
0,1011,386,m,1373,河南/河南省/许昌/许昌市/许昌/许昌县/人口/和/计划/计划生育/生育/委员/委员会/官方/微博
0,1647,732,f,2373,河南/河南省/许昌/许昌市/许昌/许昌县/商务/商务局/官方/微博
0,750,316,m,5080,河南/河南省/许昌/许昌市/许昌/许昌县/物价/物价管理/管理/办公/办公室/公室/官方/微博
0,168,231,m,574,河南/河南省/许昌/许昌市/鄢陵/鄢陵县/陵县/县委/宣传/宣传部/官方/微博
0,376,37398,f,7608,河南/河南省/鹤壁/鹤壁市/山城/山城区/城区/纪律/纪律检查/检查/委员/委员会/官方/微博
0,2958,357,m,80,河南/深远/装饰/工程/有限/有限公司/公司
0,167,776,m,571,河南/澜/海/环保/科技/有限/有限公司/公司
0,1352,667,m,1783,河南/烨/钜/华文/文化/文化传媒/传媒/有限/有限公司/公司
0,391,77,f,488,河南/牧/善堂/农牧/科技/有限/有限公司/公司
0,987,253,m,179,河南/知/朴/茶叶/有限/有限公司/公司
0,136,410,m,201,河南/祥/纯/电子/电子商务/商务/有限/有限公司/公司/耿/德/周
0,427,319,m,11,河南/科技/大学/车辆/学院/学生/学生会///主席
0,628,4082,m,1039,河南/科技/学院/河南/科技/学院/院校/校团委/团委/团委书记/书记/助理
0,1849,13602,m,3960,河南/科技/科技报///副总/副总编/总编/总编辑/编辑
0,273,219,m,316,河南/科技/科技报///常务/常务副/副社长/社长
0,1182,359,f,339,河南/科技/科技报///摄影/摄影部/部副/主任
0,427,141,m,557,河南/科技/科技报/采访/中心/主任
0,92,19,f,8,河南/老/菜头/网络/网络科技/科技/有限/有限公司/公司/司官/官方/微博
0,4137,3927,m,3670,河南/蜜/乐/源/养蜂/专业/合作/合作社/官方/微博
0,151,29,m,88,河南/蹴/足/体育/体育用品/用品/有限/有限公司/公司/司官/官方/微博////脚踢/式/台球/发明/明方
0,1870,8234,m,7026,河南/顺/涵/文化/传播/有限/有限公司/公司
0,364,120,m,370,河南/食/话/实说/网络/网络科技/科技/公司
0,1196,653,m,334,河南/黑/占/化妆/化妆品/有限/有限公司/公司///经销/经销商
0,1837,488,m,195,河南/黑/蜘蛛/电子/电子商务/商务/股份/股份有限/有限/有限公司/公司/刘/珈/铭
0,801,310,m,95,河南/鼎/之/畅/商贸/有限/有限公司/公司/司业/业务
0,63,0,m,1,泉州/丰泽/辉/艺/鹏/礼品/有限/有限公司/公司
0,72,24882,m,37,泉州/泉州市/州市/人民/民医院/医院/院中/中医/主任/主任医师/医师/////二十/二十世纪/十世纪/世纪/中华/英才///荣誉/荣誉称号/誉称/称号
0,930,1869,m,135,泉州/雨/晴/文学/文学社/学社/副主编/主编
0,11319,6555,m,28741,法律/博主///头条/条文/文章/作者
0,565,349,m,899,泰/迪/科技/数码/通讯/店长/曲艺
0,62,0,m,10,泰安/开发/开发区/万亩/田园/园艺/园艺场
0,62,4,f,10,泰安/泰安市/岱岳/岱岳区/黄/前镇/林/清/苗木/购销/处
0,80,108,m,69,泰安/清/紫/高/科/智能/科技/有限/有限公司/公司
0,422,1575,f,222,泰山/恒信/有限/有限公司/公司////发展/发展部/部长
0,205,252,m,675,泽/空/工作/工作室/技术/总监
0,272,21020,m,12,洋河/旗下/青春/小酒
0,217,1292,f,15,洛阳/同校/购/电子/电子商务/商务/有限/有限公司/公司
0,446,162,f,8,流金/网络/网络科技/科技/有限/有限公司/公司/网络/销售
0,28,6,f,10,济南/济/铭/机械/有限/有限公司/公司
0,647,165,m,352,济南/济南市/南市/历下区/下区/智/远/街道/街道办/办事/办事处/义和庄/村民/民委/委员/委员会/负责/负责人/责人
0,0,0,m,0,济南/鑫/金/龙/机械/有限/有限公司/公司
0,4787,552,m,153,济宁/宁正/通/建设/建设工程/工程/有限/有限公司/公司/工业/总/助
0,438,228,f,460,济源/广播/广播电视/电视/电视报/编辑///赵/丹
0,2115,2275,m,5261,浙江/光/正大/律师/律师事务/师事/事务/事务所/事务所律师/律师/崔/波
0,4295,4875,f,325,浙江/广播/广播电视/电视/集团/导演
0,149,133,m,677,浙江/江中/中大/期货/有限/有限公司/公司/福州/营业/营业部
0,4445,77020,m,40701,浙江/浙江省/台州/台州市/州市/公安/公安局/椒江/分局/民警///叶/展源///新浪/微博/社区/专家/委员///微博/签约/自媒体/媒体
0,4020,1740,m,163,浙江/浙江省/收藏/收藏家/藏家/家协会/协会/常务/常务理事/理事/阮/利/章
0,89,14,f,21,浙江/维拉/维拉利/利家/家具/具有/有限/有限公司/公司/司官/官方/微博
0,1086,1424,f,3623,海/灜/传媒/副总/副总经理/总经理/经理///董/颐/灵
0,83,3,m,4,海丰/海丰县/丰县/可/塘/镇/今生/今生缘/珠宝/珠宝行
0,1051,1219,m,986,海南/东方/方国/国信/律师/律师事务/师事/事务/事务所/事务所律师/律师/夏/忠
0,431,30367,m,2472,海外/外资/资讯/博主///俄罗斯/罗斯////搞笑/视频/自媒体/媒体
0,362,51,m,6,海外/远景///北京///科技/有限/有限公司/公司///执着/风能/服务//
0,115,30,m,10,海宁/斯/巴特/针织/有限/有限公司/公司
0,1503,260175,m,11332,海尔/热水/热水器/水器/器官/官方/微博
0,998,409646,m,23612,消费/消费者/报道/杂志/官方/微博
0,1509,236,m,34,淘宝/品牌/正品/品名/鞋/服/官方/微博
0,576,2074,m,275,淘宝/変/型/记/官方/微博
0,1595,489,f,19666,淘宝/天下/天下人/下人/时尚/男/鞋/官方/微博
0,3924,19224,m,5528,淘宝/康保/花草/茶/官方/微博
0,2096,12695,m,4745,淘宝/忠/犬/店/官方/微博
0,891,609,m,5358,淘宝/百年/韩/版/官方/微博
0,1077,1788,f,3037,淘宝/美/衣/美/朵/O/您/的/时尚/尚衣/衣橱/官方/微博
0,299,268,m,6,淘宝/舜/英美/妆/官方/微博
0,1944,248,m,1779,淮安/安东/东方/金海/海湾/进出/进出口/出口/出口贸易/贸易/有限/有限公司/公司
0,254,170,f,85,淮安/安乐/乐天/天广/广告/传媒/有限/有限公司/公司/网络/销售
0,356,907,f,2920,深圳/九/地/国际/景观/与/建筑/规划/规划设计/划设/设计/计有/有限/有限公司/公司///景观/工程/工程师
0,60,5,m,0,深圳/亿/达/高新/织造/有限/有限公司/公司
0,3792,2217,f,17328,深圳/依/贝/佳/化妆/化妆品/有限/有限公司/公司/彩妆/彩妆师
0,2063,3593,m,282,深圳/傲/鸿/科技/有限/有限公司/公司
0,181,19642,f,286,深圳/前海/海海/海上/的/鸟/科技/有限/有限公司/公司
0,56,62,m,341,深圳/合成/工业/自动/自动化/设备/备有/有限/有限公司/公司
0,531,750122,m,2356,深圳/同城/官方/微博
0,82,101,m,48,深圳/天域/盛/电子/电子商务/商务/有限/有限公司/公司///运营/经理
0,94,10126,f,107,深圳/媚/女神/美容/美容院/有限/有限公司/公司
0,1078,4864,m,1219,深圳/安/迅/汽车/租赁/有限/有限公司/公司/微博
0,172,228,m,624,深圳/尚/名/网络/网络科技/科技/有限/有限公司/公司//f
0,222,327,m,268,深圳/广播/电影/电视/集团/采编/记者
0,494,9538,f,3371,深圳/广电/广电集团/集团/DV/频道/记者///主持/主持人/何/丹丹
0,153,391301,m,2900,深圳/微博/房产/官方/微博
0,251,440,m,41,深圳/文生/创/展/礼品/贸易/有限/有限公司/公司
0,325,6903,m,1556,深圳/深圳市/一品/凡/贸易/有限/有限公司/公司///经理
0,1600,2174,m,112,深圳/深圳市/世纪/新贵/家具/具有/有限/有限公司/公司
0,170,4599,f,7357,深圳/深圳市/东/顺/橡/塑制/塑制品/制品/有限/有限公司/公司///营销/主管
0,101,22,f,3,深圳/深圳市/东方/瀚海/资产/管理/有限/有限公司/公司
0,214,104,f,8,深圳/深圳市/九/星/企业/企业会计/会计/会计代理/代理/有限/有限公司/公司/宝安/安分/分公司/公司
0,2001,31621,m,169,深圳/深圳市/众/创世/创世纪/世纪/信息/信息技术/技术/有限/有限公司/公司
0,63,7,f,20,深圳/深圳市/佰/川/锂电/科技/有限/有限公司/公司
0,276,162,m,1066,深圳/深圳市/信/瑞/达/电力/电力设备/设备/备有/有限/有限公司/公司
0,18,594,m,3,深圳/深圳市/力/普/智能/科技/有限/有限公司/公司
0,16,1,m,0,深圳/深圳市/华航/航模/模型/科技/有限/有限公司/公司
0,1101,25188,m,788,深圳/深圳市/博/思/堂/公关/策划/有限/有限公司/公司
0,980,213,m,264,深圳/深圳市/同/丰/电子/电子商务/商务/有限/有限公司/公司
0,359,7188,m,4816,深圳/深圳市/国/康健/健康/管理/服务/有限/有限公司/公司
0,60,8,m,10,深圳/深圳市/坪/山/新区/启/鸣/照明/照明电/电器/电器厂
0,1165,215,f,446,深圳/深圳市/天方/达/健/信/科技/有限/有限公司/公司
0,331,115,m,49,深圳/深圳市/天福/玺/科技/有限/有限公司/公司
0,87,6,m,8,深圳/深圳市/宝安/宝安区/石/岩前/前沿/格调/照明/照明电/电器/电器厂
0,1423,200,m,86,深圳/深圳市/客家/土楼/文化/科技/有限/有限公司/公司/司官/官方/微博
0,497,371,m,468,深圳/深圳市/左右/家私/私有/有限/有限公司/公司/////////////产品/产品设计/设计/设计师
0,2165,2888,f,992,深圳/深圳市/幸福/菲/雅科/科技/有限/有限公司/公司
0,2524,697,m,423,深圳/深圳市/形意/广告/有限/有限公司/公司/营销/推广
0,3911,64301,m,31713,深圳/深圳市/往来/福/珠宝/有限/有限公司/公司/司职/职员///微/电商/达人///头条/条文/文章/作者///微博/签约/自媒体/媒体
0,331,93,f,478,深圳/深圳市/德/天电/电子/电子科/电子科技/科技/有限/有限公司/公司
0,1224,788,m,3574,深圳/深圳市/德/平/国/瀚/汽车/电子/电子科/电子科技/科技/有限/有限公司/公司////市场/市场总监/总监
0,126,3141,m,181,深圳/深圳市/托普/思维/商业/服务/有限/有限公司/公司
0,3133,321,m,2164,深圳/深圳市/拓/鸿/照明/科技/有限/有限公司/公司
0,78,15,m,7,深圳/深圳市/斯/泊/尔/光电/科技/有限/有限公司/公司
0,1131,12141,f,171,深圳/深圳市/新/中/洁/无纺布/有限/有限公司/公司///销售/总监
0,4770,4848,f,3372,深圳/深圳市/新/玉/峰/珠宝/有限/有限公司/公司
0,1893,311,m,45,深圳/深圳市/方/宝/科技/有限/有限公司/公司
0,308,339,m,821,深圳/深圳市/无量/格/包装/装设/设计/计有/有限/有限公司/公司///法人
0,220,144,f,107,深圳/深圳市/昕/悦/五金/五金制品/制品/有限/有限公司/公司
0,1259,670,m,677,深圳/深圳市/普乐/士/网络/网络科技/科技/有限/有限公司/公司
0,865,205,m,377,深圳/深圳市/智/信/尚/职业/职业经理/业经/经理/经理人/研究/研究院/官方/微博
0,433,90,m,803,深圳/深圳市/智通/伞/业/有限/有限公司/公司
0,367,412,f,1687,深圳/深圳市/格/朗/电器/有限/有限公司/公司///人事/人事主管/事主/主管
0,3990,8718,f,1217,深圳/深圳市/正大/大华/鞋业/连锁/连锁店/有限/有限公司/公司
0,144,276,m,77,深圳/深圳市/歧/聚/文化/管理/有限/有限公司/公司
0,134,613,m,36,深圳/深圳市/汇/佳/光学/光学材料/材料/有限/有限公司/公司
0,433,78,m,16,深圳/深圳市/沃/瑞/华实业/实业/有限/有限公司/公司
0,450,4171,m,526,深圳/深圳市/浦/力/适/贸易/有限/有限公司/公司/司官/官方/微博
0,52,0,m,16,深圳/深圳市/爱/啡/尓/照明/有限/有限公司/公司
0,995,31,f,5,深圳/深圳市/爱/峰/伟业/实业/发展/有限/有限公司/公司
0,156,4394,m,2147,深圳/深圳市/特兰斯/兰斯/科/传媒/有限/有限公司/公司
0,521,125,m,60,深圳/深圳市/福田/福田区/引/尚/造型/美发/设计/设计室
0,2001,2155,f,877,深圳/深圳市/绿/派/商贸/有限/有限公司/公司
0,168,21,m,8,深圳/深圳市/美/拓/斯/康/科技/电子/有限/有限公司/公司
0,237,1123,m,504,深圳/深圳市/蓝/弧/科技/有限/有限公司/公司/摄影/摄影师
0,115,25,m,50,深圳/深圳市/诚信/宇/实业/有限/有限公司/公司
0,61,5,m,14,深圳/深圳市/越/新/宏/环保/科技/有限/有限公司/公司
0,122,121,f,5,深圳/深圳市/金/辉/通/自动/自动化/设备/备有/有限/有限公司/公司/行政/总监
0,534,164,m,398,深圳/深圳市/金钱/贷金/金融/金融服务/服务/有限/有限公司/公司
0,473,3487,f,88,深圳/深圳市/阳光/里程/旅行/旅行社/行社/有限/有限公司/公司/司机/机票/部/经理
0,883,113695,f,761,深圳/深圳市/魅/姬/硅胶/制品/有限/有限公司/公司
0,166,45,m,169,深圳/深圳市/龙华/华新/新区/爱/冰/吻/服装/服装厂
0,422,29,m,10,深圳/深圳市/龙华/华新/新区/贝/瑞/依/诺/服装/经营/经营部/营部/官方/微博
0,60,4,m,0,深圳/深圳市/龙华/龙华区/裕/远/达/箱包/箱包厂
0,244,45,f,70,深圳/深圳市/龙岗/龙岗区/岗区/灿/家/美光/光电/制品/制品厂
0,69,5,m,7,深圳/深圳市/龙岗/龙岗区/岗区/聚/德/元/照明/照明灯/明灯/灯饰/灯饰厂
0,273,311,m,80,深圳/粤/辰/服饰/有限/有限公司/公司
0,354,1598,m,2093,深圳/精彩/生活/电子/电子商务/商务/招商/总监/温/云/清//
0,2311,8437,m,32086,深圳/航空/空营/营销/委///西北/西北大学/北大/大学/深圳/校友/校友会/秘书/秘书长///航/旅/达人
0,302,636,m,243,深圳/马儿/马儿跑/生物/有限/有限公司/公司/司马/永/锋
0,411,371,m,792,温县/在线/线网/www/wx0391/com/官方/微博
0,2653,13236,f,11683,温县/怀/之/瑶/商贸/有限/有限公司/公司/王/瑶///微/电商/达人
0,1609,60,m,11,温岭/温岭市/水立方/立方/大酒店/酒店/有限/有限公司/公司
0,594,104,m,199,温州/奔流/流水/处理/设备/备有/有限/有限公司/公司
0,2052,8508,m,740,温州/温州市/州市/意/柏/朗/服饰///西服/开发/版/师/助理
0,753,69,m,206,温州/温州市/州市/登/来/特/照明/有限/有限公司/公司
0,246,139,m,61,温州/经济/技术/技术开发/技术开发区/开发/开发区/海城/智联/洁具/加工/加工厂/工厂/法人
0,134,189,m,11,港/益/服装/装有/有限/有限公司/公司///时尚/设计/设计师
0,77,1540,m,333,湖北/卫视///大家/来/唱歌///栏目/官方/微博
0,395,4421,m,575,湖南/有种/文化/传播/有限/有限公司/公司/创始/创始人
0,861,721095,f,2946,湖南/湖南卫视/卫视/主持/主持人/张/丹丹
0,120,11562,m,488,湖南/湖南省/金/瑞/鼎盛/资产/管理/有限/有限公司/公司/司职/职员///头条/条文/文章/作者
0,199,1169,m,247,湖南/速/美/家/科技/有限/有限公司/公司
0,1373,9543,m,3032,湘西/频道/////采编
0,142,2816,f,3581,漂亮/宝贝/动漫/文化/股份/股份有限/有限/有限公司/公司
0,430,5607,m,772,演员/吕/一丁
0,74,268,m,791,漫天/天星/工作/工作室/主笔///修/卡///代表/代表作///不存/存在/的/世界////我/的/外星/女王//
0,1646,1096,m,548,漯河/漯河市/审计/审计局/官方/微博
0,199,229,m,17,漯河/联/泰/食品/有限/有限公司/公司/吕/辰/雨
0,3112,8575,m,11,漳州/康/力/生物/生物科技/科技/有限/有限公司/公司/人事/经理
0,1391,827,f,1068,潍坊/三/尚/贸易/有限/有限公司/公司
0,61,6,f,9,潍坊/鑫/耐尔/农业/农业机械/机械/有限/有限公司/公司
0,204,2039,m,2004,澳大利/澳大利亚/大利/利亚/利亚太/亚太/太平/绅士
0,389,253,f,230,濮阳/起源/视点/广告/策划/有限/有限公司/公司
0,508,112,m,859,烟台/台金/豆/商贸/有限/有限公司/公司
0,160,1316,m,422,焕/生/汇/健康/管理/股份/股份有限/有限/有限公司/公司/要/占/辉
0,5372,26990,m,82681,焦作/日报/总编/总编辑/编辑///焦作/焦作市/新闻/工作/工作者/作者/协会/协会主席/会主/主席///王/爱/军
0,93,103,m,37,焦作/焦作市/强/耐/建材/有限/有限公司/公司
0,411,66,f,58,爱/奇/艺/VC/工作/工作室/高级/总监
0,4257,11958,m,230,爱/微/藏/签约/名家
0,68,4,m,0,牙/豚/商城/app/官方/认证
0,411,20903,f,469,犀牛/故事/创作/创作者/作者///头条/条文/文章/作者
0,3001,775,m,723,猎/聘/网/认证/猎头/王/茂/猎/聘/网/认证/ID/589515
0,580,406,m,378,猫眼/电影///区域/区域经理/经理
0,1236,141,m,339,玉田/玉田县/田县/窝/洛/沽/镇/馨/竹床/床垫/经销/经销部
0,2497,77,m,323,王/美/亮
0,266,102658,f,31,环/娱/文化/传播/签约/主/播
0,76,2311,f,366,珠宝/宝玉/宝玉石/玉石/石质/质量/质量检验/检验/师
0,52,34,f,3,珠海/珠海市/海市/博彩/彩打/打印/耗材/有限/有限公司/公司
0,452,69,m,188,珠海/珠海市/海市/晟/世/企业/策划/有限/有限公司/公司
0,1827,202,m,20,珠海/珠海市/海市/海/之恋/生物/生物科技/科技/有限/搭配/师
0,354,341,m,158,珠海/珠海市/海市/雅/莎/生物/生物科技/科技/有限/有限公司/公司/健康/咨询/咨询师
0,472,175,f,159,珠海/菲斯/德/贸易/有限/有限公司/公司///销售/经理
0,167,176,m,1492,理/优/教育/黑龙江/龙江/市场/市场总监/总监/徐/刚
0,2567,34954,m,5905,理财/规划/规划师
0,3333,790,f,70,理财/规划/规划师
0,1961,1191,m,8172,甘肃/甘肃省/陇南/南市/武都/区/城关/城关镇/关镇/人民/人民政府/民政/政府/官方/微博
0,1329,288,m,850,甘肃/驿/丰/电子/电子商务/商务/有限/有限公司/公司/电商/商务/专员
0,754,2281,f,1945,申/万/宏源/宏源证券/证券/有限/有限公司/公司/司职/职员
0,4896,382253,m,29528,电商/商专/专家///食品/界/杂志/杂志社/出品/出品人///微/电商/达人///微博/签约/自媒体/媒体
0,4181,203069,m,41120,电商/商人///微/电商/达人///微博/签约/自媒体/媒体
0,1282,1000,m,20809,电子/工业/出版/出版社/高等/高等教育/教育/分社///首席/策划/主任///章/海涛///
0,2606,806,m,4110,电子/电子商务/商务/商务师
0,999,4906,m,472,电子/电子商务/商务/运营/师///视频/自媒体/媒体
0,110,1687,m,421,电影/博主
0,3686,19749,f,21817,疆/山/情/土特产/特产/官方/微博
0,1978,1626,m,1550,登封/登封市/供销/供销合作/合作/合作社/社联/联合/联合社/副/主任/王/晓/飞
0,208,12283,m,164,益阳/益阳市/辉/鸿/网络/电子/电子科/电子科技/科技/有限/有限公司/公司
0,31,78,m,22,益阳/闪/星/锑/业/有限/有限公司/公司
0,44,571621,m,9674,直播/二战///官方/微博
0,369,11410,m,1363,知/政/观察/观察团/成员///头条/条文/文章/作者///微博/签约/自媒体/媒体
0,263,14716,m,78,知名/体育/博主///搞笑/视频/自媒体/媒体///微博/签约/自媒体/媒体
0,1879,65347,m,37739,知名/历史/博主
0,485,4557,m,694,知名/历史/博主
0,723,879864,m,15881,知名/历史/博主///知/政/观察/观察团/成员
0,724,10356287,m,6900,知名/名主/主持/主持人
0,2936,70138,m,8643,知名/名人/人文/文艺/艺术/博主///头条/条文/文章/作者
0,602,9682,m,566,知名/名人/人文/文艺/艺术/博主///旅行/视频/自媒体/媒体
0,1952,10419,m,8242,知名/名教/教育/博主///头条/条文/文章/作者
0,150,5416,f,352,知名/名数/数码/博主///头条/条文/文章/作者
0,561,541108,f,6312,知名/名星/星座/命理/博主
0,508,49665,f,34638,知名/情感/博主
0,515,683758,f,52065,知名/情感/博主
0,8569,1009761,m,37411,知名/情感/博主///头条/条文/文章/作者///微博/签约/自媒体/媒体
0,1037,19525,m,1427,知名/房产/博主
0,943,128431,f,17111,知名/搞笑/幽默/博主
0,1323,418531,m,7352,知名/搞笑/幽默/博主///搞笑/视频/自媒体/媒体
0,16890,13427,f,16422,知名/搞笑/幽默/博主///搞笑/视频/自媒体/媒体///微博/签约/自媒体/媒体
0,2947,91351,m,437,知名/时尚/博主
0,1205,5025507,m,16719,知名/本地/博主////本地/资讯/博主///北京//
0,205,243353,m,6220,知名/本地/博主///本地/资讯/博主///郑州///资讯/视频/博主///资讯/视频/自媒体/媒体
0,863,217970,m,21596,知名/杂文/杂文家/文家///时评/家///书法/书法家/法家
0,1306,20433,m,5705,知名/汽车/博主
0,1683,18149,m,8260,知名/汽车/博主
0,2937,50565,m,1572,知名/法律/博主
0,2710,83121,m,34876,知名/法律/博主///头条/条文/文章/作者///微博/签约/自媒体/媒体
0,427,689732,m,9570,知名/电视/电视剧/博主
0,694,1375337,m,23170,知名/社会/时政/博主////资讯/视频/自媒体/媒体
0,1740,43119,m,4781,知名/科技/博客/作者///微博/签约/自媒体/媒体
0,3725,63147,m,27766,知名/美食/博主///头条/条文/文章/作者///微博/签约/自媒体/媒体
0,193,5971,f,584,知名/读物/博主
0,3673,97198,m,23596,知名/读物/博主///微博/签约/自媒体/媒体
0,999,658,m,3280,知名/财经/博主
0,433,8653,m,5596,知名/财经/博主
0,124,103373,m,10641,知名/财经/博主///微博/签约/自媒体/媒体
0,227,63497,m,281,知名/音乐/博主///音乐/视频/自媒体/媒体
0,289,296132,m,475,石家/石家庄/家庄/微博/房产/官方/微博
0,1099,461,m,3179,石家/石家庄/石家庄市/家庄/市/平山/平山县/山县/安/元/公交/公交公司/交公/公司/司机/赵/小/武
0,2344,296844,m,6623,社交/交电/电子/电子商务/商务/分析/分析师
0,156,772,m,1435,社会/公益/工作/工作者/作者
0,441,336,m,261,神农/神农架/神农架林区/林区/神/蜂蜜/业/有限/有限公司/公司
0,4435,658,m,80,福州/乐/田/贸易/有限/有限公司/公司/客户/客户经理/经理
0,133,297,f,23,福州/仓山/仓山区/山区/骏/博/贸易/有限/有限公司/公司/经理
0,881,106,m,34,福州/惠/捷/电子/电子科/电子科技/科技/有限/有限公司/公司
0,5922,695,m,26,福州/畅/优/网络/技术/有限/有限公司/公司/司职/职员
0,633,13415,m,552,福州/福州市/州市/仓山/仓山区/山区/珈/蔓/柏/美容/美容店
0,204,668,m,2,福州/福州市/州市/派/恰/酒吧///吉他/吉他手
0,1130,4349,m,5560,福建/建华/渔/未来/教育/教育科/科技/有限/有限公司/公司///高级/商务/发展/经理
0,2796,767,m,822,福建/福建省/作家/作家协会/家协会/协会/协会会员/会会/会员
0,289,3693,m,26,福建/福建省/泉州/泉州市/州市/市南/南方/工艺/工艺品/艺品/有限/有限公司/公司
0,1129,2487,f,3141,禾/葡/兰/化妆/化妆品/公司/品牌/策划
0,290,3164,f,170,秀/珂///上海///文化/创意/有限/有限公司/公司/品牌/总监
0,239,355104,m,2033,秒/钱///北京///信息/服务/有限/有限公司/公司
0,744,445,m,392,移动/营销/营销师
0,94,8563,m,118,第/12/届/中国/中国大学/国大/大学/大学生/学生/广告/艺术/艺术节/学院/学院奖////平面/平面设计/设计/助理/理工/工程/工程师
0,337,203038,m,1431,第/19/届/河南/青年/五四/奖章/获得/获得者///项城/城市/香港/昌/福/学校///校长///头条/条文/文章/作者
0,494,8471,m,141,第一/财经/有/看/投/官方/微博
0,293,147,m,163,第三/第三方/三方/普法/平台///涵盖/全新/新法/法治/点评/以案释法/释法///在线/法律/服务//
0,2013,947,m,5415,第十/第十一/第十一届/十一/十一届/一届/理光/杯///我/是/中国/国小/小记/记者///摄影/大赛/优秀/辅导/辅导员
0,253,6069,m,1083,第四/第四届/四届/孔雀/奖/全国/高等/艺术/艺术院/艺术院校/院校/声乐/赛/三等/三等奖
0,175,1242,m,107,粤港/包装/包装材料/材料///深圳///有限/有限公司/公司
0,439,31461,f,1147,精选/今晚/晚睡/哪儿/的/民宿/酒店/预订/平台
0,1917,1105,m,507,索/玛/花/公益/助学/网/官方/微博/www/yiedu/org
0,1759,24771,m,6631,红/五角/行动/官方/微博
0,1701,222,m,956,红/枫叶/五金/卫浴/商行/财务/财务部/经理
0,157,479,m,123,红酒/酒城/餐饮/有限/有限公司/公司///部长
0,359,155,f,978,约/投/网络/网络科技/科技///大连///股份/股份有限/有限/有限公司/公司/客服
0,434,595,m,5992,经传/集团///职员
0,1161,266,m,1108,经济/经济师/师资/师资格/资格/资格证/持有/持有者
0,152,743,m,714,绵阳/阳电/电视/电视台///今晚/播报///记者///黄/瀚/民
0,244,173,m,210,绿盟/科技/安全/安全工程/工程/工程师
0,762,1014,f,7898,编剧///代表/代表作///时尚/之/王//
0,1382,2232,f,6495,网易/房产/房产主/主编///张/媛/媛
0,427,424,m,112,羊城/羊城晚报/晚报/记者/宋/王/群
0,8003,729,f,412,美/妆/博主
0,685,21159,f,2406,美/孕/宝/美国/月子/中心/官方/微博
0,342,719,f,2302,美/拾/摄影/销售/顾问
0,810,189,m,775,美/日记///设计/总监
0,149,458,f,1029,美/莱/医疗/美容/连锁/医院///客服/客服部/服部/导/医
0,188,23386,m,3568,美国/鞋业/资本////职员
0,132,233017,f,1182,美容/达人///时尚/美/妆/视频/自媒体/媒体
0,1507,2800,m,4684,美食/博主
0,2651,901,f,178,美食/博主///头条/条文/文章/作者
0,360,54270,m,523,美食/博主///头条/条文/文章/作者
0,5214,7826,f,33580,美食/博主///头条/条文/文章/作者
0,250,655,m,1031,美食/评论///业余/摄影///旅行/达人///Vincent
0,50,3889,f,31,翰/宝/国际/文化/文化传媒/传媒/有限/有限公司/公司/签约/主/播
0,420,1331,m,491,聚/红土/软件/软件开发/开发/发有/有限/有限公司/公司/IT/项目/项目经理/经理
0,56,623,m,127,腾讯/财经/栏目///财/约/你//
0,2050,119707,f,36844,自由/作家///头条/条文/文章/作者
0,1014,56599,m,10894,自由/撰稿/撰稿人///前/新华/新华社/黑龙江/龙江/分社/记者///高/雷
0,117,2068,f,483,艾/尔/众/广/文化/文化传媒/传媒///北京///有限/有限责任/责任/公司///设计/设计师///李/伟/芳
0,510,159,f,94,花/图文/文化/传播/有限/有限责任/责任/公司/媒介/经理
0,71,53,f,605,花木/水///北京///文化/传播/有限/有限公司/公司
0,34,74,f,10,苏州/四季/如/歌/家具/具有/有限/有限公司/公司
0,248,131,m,470,苏州/微/缔/软件/股份/股份有限/有限/有限公司/公司
0,70,40,m,43,苏州/点/辉/网络/网络科技/科技/有限/有限公司/公司/司官/官方/微博
0,210,94,f,419,苏州/点/辉/网络/网络科技/科技/有限/有限公司/公司/司运/运营
0,521,277,m,474,苏州/鑫/朦/电子/电子商务/商务/有限/有限公司/公司/专员
0,2100,372,m,67,苏州/静/开达/达信/信息/信息技术/技术/有限/有限公司/公司
0,83,10,m,2,苏州/高/胜/文化/文化传媒/传媒/有限/有限公司/公司
0,268,1278,m,222,若/水/品牌/品牌设计/设计/计有/有限/有限公司/公司
0,2189,6060,m,171,茶/醉/英/红运/运营/主管
0,1250,2018,m,1527,荥阳/荥阳市/欣/阳/柿子/专业/合作/合作社/官方/微博
0,25,1772,m,373,营销/营销师
0,1262,326,m,994,萧/蔷/整合/传播/有限/有限公司/公司/销售/经理
0,697,21101,m,11575,著名/广告/广告人///品牌/专家///潘/友/林
0,5277,30646,f,6947,蓝/慧/配音/工作/工作室///总监
0,564,1395,f,61,虎/道/尚/品/官方/微博
0,1401,8626,f,635,蜂/蜂/乐园/益智/学习/游戏/平台
0,213,107,m,15,蠡县/润泽/巾/被/厂
0,347,149,m,183,西北/民族/大学/第二/第二十/第二十届/二十/十届/学生/学生会/第六/第六任/六任/主席
0,2850,357,f,70,西安/意/扬/形象/形象设计/设计/计有/有限/有限公司/公司/销售/经理
0,170,115,m,164,西安/金手指/手指/广告/文化/传播/有限/有限公司/公司
0,281,3942,f,3332,言情/言情小说/小说/小说吧/签约/作家/夜/神/翼///代表/代表作/代表作品/作品///征服/亿万/总裁//
0,491,555,m,872,计算/计算机/算机/应用/类/工程/工程师
0,109,0,m,0,许昌/昌西/西川/绝缘/绝缘材料/材料/有限/有限公司/公司
0,1733,1374,m,1005,许昌/禹州/禹州市/州市/公安/公安局/范/坡/所/民警///王/高飞
0,60,2,m,0,诸城/诸城市/城市/康/致/达/机械/有限/有限公司/公司
0,961,6483,m,5622,读物/博主///头条/条文/文章/作者
0,3077,7625,m,248,读物/博主///头条/条文/文章/作者
0,61,15,m,5,谢/保/印///个体/个体经营/经营//
0,3370,32024,m,1492,谭/双/有/汽车/服务/法人
0,58,1150,m,27,豆瓣/阅读/读作/作者
0,475,184,m,400,豫/弘/在线/官方/微博
0,59,80,m,102,财源/在线///上海///网络/网络科技/科技/有限/有限公司/公司/司官/官方/微博
0,358,437,m,529,贵州/后天/天文/文化/传播/有限/有限公司/公司///官方/微博
0,4759,42416,m,172,贵州/王/茅/酒业/有限/有限公司/公司/招商/商事/事业/事业部/经理
0,3806,40396,m,33444,贵州/贵州省/黔西/黔西南/黔西南州/西南/州委/宣传/宣传部/网络/科科长/科长/长龙/瑞/见
0,188,46,m,141,贵阳/正合/不锈/不锈钢/钢水/水箱/厂
0,44,52,m,173,资产/评估///审计/服务///工程/工程造价/造价///咨询/咨询服务/服务//IPO/及/新/三板/服务//
0,1599,1538,m,7550,赛/亚/网//sharemba/com/官方/微博
0,990,1388,f,210,赣州/浔/辉/贸易/有限/有限公司/公司///美容/营养/营养师
0,1492,610,m,3889,赣州/爱小/小家/家居/有限/有限公司/公司
0,858,66,f,187,赶集/赶集网/推广/经理
0,198,184,m,47,软/草/雨/新///北京///化妆/化妆品/有限/有限公司/公司
0,134,186,f,59,辰星/娱乐///北京///有限/有限公司/公司/经纪/经纪人
0,179,7710,m,5069,辽宁/卫视///复合/天使/////健康/道/////王/刚/讲故事/故事///栏目/总/制片/制片人
0,63,5,m,0,辽宁/吉/瑞/生物/生物科技/科技/有限/有限公司/公司/司官/官方/微博
0,897,486,m,3873,辽宁/慧/之/博/律师/律师事务/师事/事务/事务所///专职/律师
0,373,84,m,9,迈向/云端////创/变/未来
0,1889,291,f,338,通城/数据/数据网/数据网络/网络/网络科技/科技/有限/有限公司/公司/司官/官方/微博///www/jy0715/com
0,110,101,m,82,通辽/万达/广场/有限/有限公司/公司/司官/官方/微博
0,0,0,m,0,通辽/通辽市/骏/杰/科技/绘制/有限/有限公司/公司/经理
0,3493,764,m,93,遵义/名门/文化/文化传媒/传媒/有限/有限公司/公司
0,1696,38747,m,164571,邓/建华///德阳/德阳市/网络/文化/协会/副会长/会长///新闻/工作/工作者/作者/协会/常务/常务理事/理事
0,127,417,m,265,邯郸/学院/院外/外国/外国语/国语/学院/官方/微博
0,708,408,m,1040,邯郸/广播/广播电视/电视/电视台/主持/主持人
0,514,13472,m,1821,邯郸/邯郸市/音乐/音乐家/家协会/协会/副/主席
0,1126,603793,m,2761,郑州/同城/官方/微博
0,139,31,m,22,郑州/培/风/企业/营销/营销策划/策划/有限/有限公司/公司
0,2481,39593,m,45092,郑州/晚报/晚报社/报社/爱心/公益/社////职员///头条/条文/文章/作者
0,2104,7639,m,32656,郑州/晚报/爱心/公益/社///职务///社员///志愿/志愿者/愿者
0,440,2563,m,1312,郑州/晚报/爱心/公益/社/官方/微博
0,1166,1422,m,5634,郑州/正/信/科技/发展/股份/股份有限/有限/有限公司/公司///开发/工程/工程师
0,781,7494,m,3367,郑州/爱/尚/网/电子/电子商务/商务/有限/有限公司/公司
0,455,6425,m,6219,郑州/爱心/顺风/风车/发起/发起人///叶/占/通
0,643,92,f,88,郑州/福/丫/儿/餐饮/饮服/服务/有限/有限公司/公司
0,270,79,m,126,郑州/素/水/商贸/有限/有限公司/公司
0,5964,69730,f,1793,郑州/郑州大学/大学/大学教授/教授
0,2686,48677,m,11654,郑州/郑州市/州市/供销/供销合作/合作/合作社/副/主任
0,3816,104454,m,11472,郑州/郑州市/州市/供销/供销合作/合作/合作社/官方/微博
0,1799,58384,m,19465,郑州/郑州市/州市/供销/供销社/副/主任
0,1867,18329,m,4827,郑州/郑州市/州市/供销/供销社/合作/合作社///财务/审计/审计处/处处/处处长/处长
0,1012,12935,m,21489,郑州/郑州市/州市/公交/公交公司/交公/公司/车长///孙/跃/青
0,2318,2281,m,5418,郑州/郑州市/州市/公共/公共交通/交通/总公司/公司/司职/职工/云/悉///资讯/视频/自媒体/媒体
0,3306,4907,m,14212,郑州/郑州市/州市/农产/农产品/产品/品流/流通/协会
0,1041,5296,f,1255,郑州/郑州市/州市/农产/农产品/产品/品流/流通/协会/工作/工作人员/作人/人员
0,1783,5733,f,2001,郑州/郑州市/州市/农产/农产品/产品/品流/流通/协会/职员
0,535,3039,m,4829,郑州/郑州市/州市/志愿/志愿者/愿者/联合/联合会/合会
0,100,23,m,541,郑州/郑州市/州市/文/穗/机械/机械设备/设备/备有/有限/有限公司/公司
0,799,277,m,63,郑州/郑州市/州市/新/向/民/医药/连锁/有限/有限公司/公司
0,248,307,m,163,郑州/郑州市/州市/环境/环境保护/保护/宣教/中心/主任///高级/高级工/工程/工程师
0,529,1611,m,1736,郑州/郑州市/州市/第四/四中/中学/官方/微博
0,1053,11081,m,2231,郑州/郑州市/州市/红十字/十字/水上/义务/救援/救援队/队长
0,2312,4481,f,1222,郑州/郑州市/州市/翱/龙/程/贸易/有限/有限公司/公司/司官/官方/微博
0,334,1480,f,2496,郑州/郑州市/州市/郑东新/新区/和乐/社会/社会工作/工作/工作服/服务/服务中心/中心
0,1093,425,f,1618,郑州/郑州市/州市/青年/青年志愿者协会/志愿/志愿者/愿者/协会///河南/免费/爱心/粥/志愿/志愿团///志愿/志愿者/愿者
0,1946,871,m,5377,郑州/驰/星/汽车/销售/服务/有限/有限公司/公司
0,499,4107,m,5,郑州/麦/恩/企业/营销/营销策划/策划/有限/有限公司/公司
0,393,559,f,522,鄂尔多/鄂尔多斯/尔多/多斯/草原/旅游/旅游区/官方/微博
0,473,97683,f,7321,酷/漫/居/动漫/科技/官方/微博
0,53,283,m,4,重庆/庆尚/浮/罗/尔/文化/传播/有限/有限公司/公司///法人
0,894,471,m,231,重庆/斯/麦/威/国际/国际贸易/贸易/有限/有限公司/公司
0,1078,249,m,429,重庆/楷/瑞/鑫/汽车/销售/有限/有限公司/公司
0,2962,299,f,34,重庆/缔/蓝/商贸/有限/有限公司/公司/销售/经理
0,814,2181,m,752,重庆/航/翔/科技/有限/有限公司/公司
0,161,561,m,397,重庆/街坊/街坊邻居/邻居/信息/信息技术/技术/有限/有限公司/公司///项目/主管
0,1754,17907,f,1185,重庆/贾/璨/璨/影视/影视文化/文化/文化传媒/传媒/有限/有限公司/公司///签约/艺人
0,101,531,m,42,金水/唯美/口腔/门诊/门诊部/口腔/口腔科/医生
0,160,202,m,460,金牛/金牛区/优/品/修/家电/维修/维修服务/服务/服务部
0,429,185,m,242,钰/泓/源/贸易/官方/微博
0,782,709,m,1594,钱江晚报/晚报/报时/时尚/名品/部/资深/品牌/经理
0,1973,72525,m,6051,银川/银川市/作家/作家协会/家协会/协会/协会会员/会会/会员
0,301,1257,f,4969,链/家地/地产/回龙/回龙观/大区/助理
0,2743,2505,f,320,长乐/星光/针/纺/有限/有限公司/公司///财务/财务部/部会/会计
0,194,313,f,0,长沙/凯/瑞文/文化/传播/有限/有限公司/公司/顾问
0,2932,1154,m,948,长风/国际/信用/评价/有限/有限公司/公司/信用/管理/师
0,370,135,m,181,闽侯/闽侯县/县上/上街/镇/中兴/电脑/电脑店
0,123,48,m,932,阜新/阜新市/新市/食品/品检/检验/检测/所/助理/理工/工程/工程师
0,288,2290,m,107,陈安之/之国/国际/训练/机构///金牌/讲师
0,910,24365,m,2686,陕西/中铁/文化/化发展/发展/有限/有限公司/公司/总经理/经理
0,4996,5668,f,524,陕西/侬/美/康/态/农业/科技/有限/有限公司/公司
0,443,352,m,1605,陕西/国际/旅行/旅行社/行社///综合/五部/经理
0,1645,5388,m,2386,陕西/陕西省/人民/人民政府/民政/政府/防范/和/处理/邪教/问题/办公/办公室/公室/官方/微博
0,1969,2162,m,865,陕西/陕西省/洛川/洛川县/县委/宣传/宣传部/官方/微博
0,929,2746,f,4653,随手/公益/河南
0,201,58,f,68,雷/鸥/然/科技/有限/有限公司/公司/司官/官方/微博
0,63,4,f,8,霸州/霸州市/州市/胜/芳/镇/诚/鸿/家具/经销/经销部
0,1320,868,f,50,霸州/霸州市/州市/芳/鑫/家具/具有/有限/有限公司/公司/店长/助理
0,2950,1759,f,112,青岛/博/鸿/教育/交流/有限/有限责任/责任/公司/培训/培训师
0,1578,826,m,1350,青岛/君/成/管理/咨询/有限/有限公司/公司
0,334,784,m,498,青岛/嘉/乐/宝/环保/保用/用品/有限/有限公司/公司
0,60,7,m,0,青岛/天/惠/乳业/有限/有限公司/公司
0,559,22085,f,11387,青岛/真/子/齿科///口腔/执业/医师
0,67,10411,m,40,青岛/绿色/硅谷/食品/食品饮料/饮料/有限/有限公司/公司
0,57,224,f,485,青岛/蔚蓝/演艺/艺文/文化/文化传媒/传媒/有限/有限公司/公司////行政/总监
0,2031,4025,m,4435,青年/青年人/网/建筑/建筑工程/工程///职业/考试/频道/执行/总编
0,896,322453,m,17648,青年/青年学/学者////微博/签约/自媒体/媒体
0,195,98,f,24,靖江/靖江市/美/高/文化/传播/有限/有限公司/公司
0,322,225,f,58,韩/式/纹眉////发际/线////美/瞳/线////孕/睫/术////水/嫩/唇//
0,1796,10272,f,1258,音乐/博主
0,90,479,f,13196,音乐/视频/自媒体/媒体
0,198,2662,f,2447,音乐/视频/自媒体/媒体
0,779,15090,m,1731,音乐/音乐人
0,4248,13445,f,11985,音乐/音乐人
0,599,1049,m,351,顺庆区/双/虎/家俱/专卖/专卖店
0,86,85,m,19,飞龙/篮球/篮球队/球队/郑/汉文
0,3165,29410,m,2123,香港/名/机构/AC/发型/顾问/中心/广州/淘金/金店/技术/总监/ALEX//明星/造型/造型师//
0,62,18841,f,538,香港/无线/TVB/财经/女主播///记者/段/洁
0,11785,150419,m,6637,香港/港商/商报/四川/办事/办事处/副/主任///记者
0,4695,10853,f,3250,香港/美/联/物业/高级/客户/客户经理/经理
0,435,351,m,1845,马拉/马拉松/运动/运动员/动员
0,115,72,m,346,驻马店/马店/无限/文化/文化传媒/传媒/有限/有限公司/公司
0,5877,20911,m,531,驻马店/马店/电视/电视台/记者///头条/条文/文章/作者
0,1524,2830,m,133,驻马店/马店/驿城区/城区/三峰/商贸/有限/有限公司/公司/崔/振/文
0,1890,283,f,137,骏/泰/汽车/销售/有限/有限公司/公司/销售/人员
0,529,415,m,972,高级/高级中学/中学/中学教师/教师//
0,173,145,m,67,高薪/开发/开发区/舜/华/名/舞/教育/信息/咨询/咨询服务/服务/服务中心/中心/街舞/教练
0,133,145,m,1470,魔/舟/网络/网络科技/科技/有限/有限公司/公司/副总
0,2106,10127,f,11853,鲜/城/生活/家
0,132,245,f,582,麦田/房产/西望/区/鹿港/店/深/资/房产/置业/顾问/石/岩
0,10,2899,f,4,麦田/映/画传/传媒/工作/工作室///时尚/设计/设计师
0,67,109,f,15,黄山/黄山市/艾/尚/美商/商贸/有限/有限公司/公司/采购/采购部/经理
0,2389,40854,m,16575,黄龙/黄龙县/人民/人民检察院/检察/检察院/察院/法律/律政/政策/研究/与/宣传/宣传科/科科长/科长///头条/条文/文章/作者
0,925,311471,m,153,黑龙江/龙江/十五/至尊/影视/传媒/有限/有限公司/公司/董事/董事长
0,15001,8342,m,16711,黑龙江/龙江/电视/电视台/主任/编辑/刘/扬
0,285,880,m,59,黔西/黔西县/文峰/接到/办事/办事处/塔山/社区/////社区/副/主任
0,464,514,m,511,鼎盛/剧本/剧本创作/创作/创作室/主编
0,1413,197,f,69,龙岩/龙岩市/黛/妃/美容/化妆/化妆品/销售/有限/有限公司/公司/销售/经理
1,73,1763,f,6,///////////成都/中金/金源/网络/网络服务/服务/有限/有限公司/公司/情感/咨询/咨询师
1,501,569,m,2308,/////和讯/信息/科技/有限/有限公司/公司///首席/策略/工程/工程师
1,244,536,m,187,/////富/晓/资本/管理///深圳///有限/有限责任/责任/公司/董事/董事长
1,199,1109,m,519,/////延吉/延吉市/全盛/盛服/服务/服务公司/公司/创始/创始人
1,110,232,f,12,///上海/海星/星月/奢侈/奢侈品/有限/有限公司/公司/营销/总监
1,2218,551,m,2691,///中古/古文/古文化/文化/文化产业/产业/投资/有限/有限公司/公司////副总/副总裁/总裁
1,534,1112,m,2167,///中国/康/辉/旅行/旅行社/行社/集团/有限/有限责任/责任/公司/上地/信息/路/门市/门市部/客户/客户经理/经理
1,264,102,m,310,///乌鲁木齐/微/沃/云端/科技/信息/有限/有限责任/责任/公司///职员
1,804,417,m,154,///吴江/鼎盛/丝绸/有限/有限公司/公司/董事/董事长/吴/建华
1,178,363,m,128,///四川/中原/原物/物业/顾问/有限/有限公司/公司///客户/客户经理/经理
1,2170,9876,m,347,///招远/招远市/人民/人民商场/民商/商场/有限/有限公司/公司/董事/董事长
1,3102,78851,m,835,///杭州/德/鸣/房地/房地产/地产/营销/营销策划/策划/有限/有限公司/公司/创始/创始人
1,190,79350,m,24,///福州/九/喵/网络/网络科技/科技/有限/有限公司/公司/总监
1,55,188,m,11,///西安/长庆/油气/建设/实业/有限/有限责任/责任/公司/资料/资料员
1,360,425,m,2168,///郑州/牵/牵/企业/管理/咨询/有限/有限公司/公司/总经理/经理
1,252,52256,m,559,///零/族/信息/盟/创始/创始人
1,1243,4528,m,7866,///青岛/头条/通/网络/网络科技/科技/有限/有限公司/公司/司运/运营/经理
1,383,245,m,342,//湖州/南浔/语/涵/电子/电子商务/商务/有限/有限公司/公司/CEO
1,1715,10172,m,23474,//西安/报/星/广告/有限/有限责任/责任/公司///总经理/经理
1,679,2987,f,3191,BY/服装/装有/有限/有限公司/公司/BY/品牌/执行/总监
1,1766,25951,m,13815,JAPAN/KANOU/CORP////董事/董事长/兼/CEO//头条/条文/文章/作者
1,1800,1478756,m,24698,NewMedia/新/媒体/联盟/创始/创始人///资深/媒体/人///知名/评论/人///微博/签约/自媒体/媒体
1,614,1594,f,2716,NIKE/品牌/沟通/通高/高级/经理
1,528,323176,m,3588,WEIBUSI/视频/工作/工作室/创始/创始人///新浪/众/测/达人///原创/科技/视频/作者///微博/签约/自媒体/媒体
1,4712,643915,m,759,万/人/控股/控股集团/集团///董事/董事长
1,648,96511,f,501,万国/置地/总裁
1,308,730,m,2363,万达/商业/商业地产/地产/北区/营销/营销部/总经理/经理
1,1209,180,m,198,三亚/亚美/美好/美好生活/好生/生活/房地/房地产/地产/产经/经纪/有限/有限公司/公司/金牌/置业/顾问
1,963,1749,m,9178,上海/上海市/海市/鸿/生/律师/律师事务/师事/事务/事务所/合伙/合伙人/王/京/普
1,1090,11902,m,23258,上海/上海财经大学/财经/财经大学/大学/商学/商学院/学院/教学/教学研究/研究/研究部/主任
1,2299,3139,f,3231,上海/九/猫/健康/科技/有限/有限公司/公司/总经理/经理
1,61,71284,m,135,上海/仁/新网/网络/技术/有限/有限公司/公司/执行/董事
1,133,145,m,226,上海/众/聘/管理/咨询/有限/有限公司/公司///人人/猎头/副总/副总裁/总裁
1,665,5049,m,3919,上海/医院/网/数码/数码科技/科技/发展/有限/有限公司/公司/公司总裁/总裁
1,1239,1904,m,2963,上海/友/和/贸易/有限/有限公司/公司///副总/副总经理/总经理/经理
1,855,1319,m,914,上海/叠/泊/科技/发展/有限/有限公司/公司/联合/创始/创始人
1,1056,772,m,708,上海/复/益/投资/管理/有限/有限公司/公司///投资/总监
1,331,4047,m,507,上海/娇/然/生物/有限/有限公司/公司/执行/总监
1,18,0,m,26,上海/宗/颐/管理/咨询/有限/有限公司/公司/司官/官方/微博
1,1019,15633,m,4782,上海/对外/对外经贸/对外经贸大学/外经/外经贸/经贸/经贸大学/大学/创业/学院/项目/总监//mib/教育/中心/副/主任
1,409,2489,m,719,上海/房/博士/副总/副总经理/总经理/经理/王/军政
1,642,11440,f,771,上海/杰/诗/科技/有限/有限公司/公司/CEO
1,553,164,m,245,上海/海中/赢/金融/金融信息/信息/服务/有限/有限公司/公司
1,973,765,m,930,上海/海大/大宇/印务/有限/有限责任/责任/公司
1,12544,24372,m,399,上海/海天/丕/科技/CEO
1,95,34344,m,51,上海/海富/力/房地/房地产/地产/开发/发有/有限/有限公司/公司/总经理/经理
1,833,1050,m,387,上海/海德/佑/房地/房地产/地产/产经/经纪/有限/有限公司/公司////合伙/合伙人
1,389,504,m,1201,上海/海德/佑/房地/房地产/地产/产经/经纪/有限/有限公司/公司/物业/顾问
1,569,4195,f,8886,上海/海德/信通/通讯/工程/有限/有限公司/公司/人事/总监
1,465,12223,f,139,上海/海文/文人/文人墨客/墨客/农家/休闲/会所////副总/副总经理/总经理/经理
1,586,11370,m,330,上海/海标/拓/企业/管理/咨询/有限/有限公司/公司/创始/创始人/李/银/杰
1,651,275,f,1247,上海/经/邦/企业/管理/咨询/有限/有限公司/公司/武/兰
1,139,5967,m,522,上海/翼/丰/投资/管理/有限/有限公司/公司/董事/董事长///投资/总监///杨/忆/风
1,946,524,m,400,上海/聿/恒/投资/管理/有限/有限公司/公司///销售/主任
1,374,1267,m,3283,上海/霁/明/贸易/有限/有限公司/公司/总经理/经理//GI/amp/MING/品牌/创始/创始人/之一/一张/继/霁
1,659,159,m,56,上饶/上饶县/老鹰/红木/红木家具/木家具/家具/家具商/商行///董事/董事长
1,5269,1494,m,3455,世纪/天/霖/创始/创始人
1,1719,1116,m,3083,东方/方今/报////栏目/分类/部///营销/副总/总监
1,1819,3143,m,2294,东方/纵横/风险/风险投资/投资/基金/管理/有限/有限公司/公司/首席/执行/执行官
1,2476,598,m,305,东莞/鸿/泽/源自/自动/自动化/设备/备有/有限/有限公司/公司/总经理/经理/覃/雁/平
1,443,295491,m,1675,东软/集团/集团股份/股份/股份有限/有限/有限公司/公司/投资/总监///头条/条文/文章/作者///微博/签约/自媒体/媒体
1,610,189,m,132,中/交投/投资/有限/有限公司/公司
1,398,7212,m,3660,中/创/共/赢///北京///投资/有限/有限公司/公司///王/镭///微博/股评/团/成员///头条/条文/文章/作者///微博/签约/自媒体/媒体
1,1755,19106,m,9219,中/数国/国际/集团/控股/有限/有限公司/公司///董事/董事局/执行/执行主席/主席
1,1,5,m,0,中企/基金/管理/公司/司官/官方/微博
1,102,342,f,5,中国/中国银行/银行/湖南/湖南大学/南大/大学/支行/行行/行长/冯/怡
1,486,27099,m,602,中国/中国银行/银行/银行家/行家/网/www/bankerchina/com/官方/微博
1,116,10547,m,114,中国/智慧/城市/投资/联合/联合体/合体/执行/执行主席/主席
1,317,2959,m,464,中国/杭州/之江/有机/有机硅/化工/有限/有限公司/公司/公司总裁/总裁/助理///市场/市场部/场部/总监//
1,9709,102979,m,17860,中国/百姓/车行/车行网//CEO
1,32,59,f,34,中国/证券/金融/金融股/股份/股份有限/有限/有限公司/公司/经理
1,334,1324,f,1215,中国/金融/在线/有限/有限公司/公司//NASDAQ//JRJC//市场/市场营销/营销/营销中心/中心///总监/Ellen/Li/李/晶晶///
1,5505,143112,m,40531,中外/英雄/雄武/武林/风/国际/赛事//CEO//头条/条文/文章/作者
1,209,548,f,6628,中资/资信/和/投资/顾问/沈/子/嫣
1,1983,2604,f,6481,中软/国际/科技/服务/有限/有限公司/公司/深圳/TSG/集团/行政/行政部
1,165,7912,m,138,临沂/八维/教育/咨询/咨询服务/服务/有限/有限公司/公司/网络/运营/总监/王/召/峰///头条/条文/文章/作者
1,183,2687,m,87,丸/霹/斯/科技/CEO
1,805,136,m,160,乐/象///北京///投资/管理/有限/有限公司/公司/客户/客户经理/经理/钱/双/辰
1,127,5093,m,355,云南/保山/恒/益/实业/实业集团/集团/官方/微博
1,4420,153859,m,6572,互/鱼/文化/CEO/游/斌///微博/签约/自媒体/媒体
1,443,214,m,555,互联/互联网/联网/资讯/博主
1,297,959,m,1423,互联/互联网/联网/资讯/博主
1,1382,875,m,35,互联/互联网/联网/资讯/博主
1,2819,6928,m,14738,互联/互联网/联网/资讯/博主
1,1530,14931,f,1027,互联/互联网/联网/资讯/博主
1,544,2056,m,4506,互联/互联网/联网/资讯/博主
1,1201,51296,m,7369,互联/互联网/联网/资讯/博主
1,898,1706,m,5882,互联/互联网/联网/资讯/博主
1,11042,13145,f,501,互联/互联网/联网/资讯/博主///头条/条文/文章/作者
1,765,2664,m,6941,互联/互联网/联网/资讯/博主///头条/条文/文章/作者
1,6183,42473,m,2231,互联/互联网/联网/资讯/博主///头条/条文/文章/作者
1,1313,3596,m,13524,互联/互联网/联网/资讯/博主///头条/条文/文章/作者
1,1186,2343,m,3493,互联/互联网/联网/资讯/博主///头条/条文/文章/作者
1,1082,11377,m,1181,互联/互联网/联网/资讯/博主///本地/资讯/博主///上饶//http///t/cn/RUmMhZ7
1,612,50742,m,439,互联/互联网/联网/资讯/博主///知名/策划/策划人///病毒/营销/权威/权威专家/专家///微博/签约/自媒体/媒体///头条/条文/文章/作者
1,443,2247,m,2368,亚/士/漆///上海///有限/有限公司/公司/战略/合作/总监
1,2509,495,m,467,亚洲/传奇/模式/教育/集团/资深/顾问
1,327,282,m,122,交通/交通银行/银行/贵州/贵州省/省分/分行/个人/金融/金融业/金融业务/业务/业务部/市场/市场推广/推广/经理
1,162,3682,m,485,亳州/亳州市/州市/互联/互联网/联网/网协/协会
1,791,3651,f,200,伊/的/家/网络/有限/有限公司/公司///西南/西南区/南区///首席/护肤/顾问
1,401,5845,f,13478,伍/加/伍/摄影/CEO//婚礼/博主
1,1070,1224,m,4389,体/迷/网络/技术///北京///有限/有限公司/公司//CEO
1,1855,14576,m,6475,佶/势/信息/科技///上海///有限/有限公司/公司/创始/创始人/兼/CEO
1,538,523,m,6080,兆/兰/服饰/CEO/执行/董事/焦/龙///头条/条文/文章/作者
1,1528,58405,m,5555,六/芒/星/传播/体系/创始/创始人///知名/互联/互联网/联网/资讯/博主////微博/签约/自媒体/媒体
1,396,501,m,231,兴业/证券/北京/马/甸/南路/营业/营业部/总经理/经理
1,424,225,m,239,军/浩/苑/环保/科技/总经理/经理
1,888,140610,m,36161,凉山/凉山州/作家/作家协会/家协会/协会/协会会员/会会/会员///成都/舒/雍/电子/电子商务/商务/有限/有限公司/公司/总经理/经理///微/电商/达人///知名/互联/互联网/联网/资讯/博主///微博/签约/自媒体/媒体
1,156,722,m,6,凌/宇/智/控/科技///创始/创始人//amp/CEO
1,75,49,m,14,创/讲/所/投资/管理/有限/有限公司/公司
1,2213,122204,m,4746,创新/工场/联合/创始/创始人///如/川/投资/创始/创始人
1,1191,824,f,7011,创维/创维集团/集团///中国/中国区/区域///营销/总部/市场/市场部/场部/部副/副经理/经理
1,904,1791,f,6149,前////城市/画报/////华东/华东区/东区/品牌/总监
1,3038,5848,m,21818,前///一汽/一汽大众/大众/备件/库/管员///情感/博主///头条/条文/文章/作者
1,1502,3511,m,3835,前///上海/尚/都/投资/管理/有限/有限公司/公司/公司总裁/总裁///蒋/国/皓
1,690,723,m,4301,前///中/创/管理/咨询/有限/有限公司/公司///高级/客户/客户经理/经理
1,266,4583,m,312,前///信阳/苏/博/商务/咨询/有限/有限公司/公司///执行/总经理/经理///销售/总监
1,2771,200282,m,176037,前///内蒙/内蒙古/蒙古/沙漠/贵族/食品/有限/有限公司/公司/总经理/经理///头条/条文/文章/作者
1,5283,473634,m,41179,前///北京/北京大学/大学/民营/经济/研究/研究院/战略/整合/部/主任
1,530,401,m,66,前///单/仁/资讯/集团/合肥/肥分/分公司/公司/高级/电商/顾问///头条/条文/文章/作者
1,998,347519,m,5396,前///南京/佳/伟/企业/管理/咨询/有限/有限公司/公司////总裁///微博/签约/自媒体/媒体
1,559,825,f,3285,前///成都/百事/得/企业/营销/营销策划/策划/有限/有限公司/公司///项目/总监
1,3647,12172,m,33363,前///泰康人寿/人寿/人寿保险/保险/集团/重庆/分公司/公司/高/净值/客户/总监///苏/畅
1,211,687,m,2216,前///济南/徕/铼/经贸/有限/有限公司/公司///项目/副总/总监
1,504,697,m,36,前///深圳/深圳市/秀/米/电子/电子商务/商务/有限/有限公司/公司///总经理/经理
1,347,3636,m,3202,前///深圳/深圳市/美/高/视讯/科技/有限/有限公司/公司///副总/副总经理/总经理/经理
1,339,8850,f,403,前///深圳/深圳市/迷你/电子/有限/有限公司/公司/总经理/经理/邓/雯/苑
1,643,9854,f,3822,前///英国/GLG/Partners/LP/公司///投资/与/策略/分析/部///策略/分析/分析师
1,98,205,m,6803,前///衡阳/尚/通商/商贸/有限/有限公司/公司/总经理/经理
1,843,1471,m,15794,前///郑州/联/康/优/聚/电子/电子科/电子科技/科技/有限/有限公司/公司///渠道/总监///头条/条文/文章/作者
1,665,109378,m,6832,前///金山/山游/游戏/助理/总裁///七/尘/斋/网络/网络科技/科技/总经理/经理///孙/晖
1,2997,606,m,55,力/普/投资/管理/有限/有限公司/公司/公关/主管
1,915,201,m,149,北京/世纪/嘉/诺/房地/房地产/地产/产经/经纪/有限/有限公司/公司/人事/人事部/经理
1,301,3825,m,10360,北京/中/汽/双/会/汽车/销售/有限/有限责任/责任/公司/融资/保险/经理/兼/企业/业内/训/师
1,347,724,m,524,北京/中/盛/恒远/商贸/有限/有限公司/公司/总经理/经理
1,1868,23756,m,1006,北京/五洋/国际/外交/精英/俱乐部/董事/董事长
1,181,4980,m,137,北京/伯希和/户外/户外用品/外用/用品/有限/有限公司/公司/总经理/经理
1,1578,12081,m,4320,北京/信/云/科技/有限/有限公司/公司///联合/创始/创始人//CEO
1,1090,5631,m,393,北京/凯/康/鸿达/木制/木制品/制品/有限/有限责任/责任/公司/市场/市场总监/总监
1,18,128307,m,20,北京/创/客/互动/科技/董事/董事长///天使/投资/投资人
1,694,22743,m,457,北京/北京大学/大学/民营/经济/研究/研究院/国家/家人/人才/发展/中心/官方/微博
1,165,238,m,26,北京/北京市/京市/中/盾/律师/律师事务/师事/事务/事务所/合伙/合伙人///律师
1,674,2039,f,1922,北京/北京市/京市/演出/出有/有限/有限责任/责任/公司/司官/官方/微博
1,1414,342,m,15782,北京/又/行经/经贸/有限/有限责任/责任/公司
1,287,658,m,248,北京/可/飞猫/网络/网络科技/科技/有限/有限公司/公司/司运/运营/总监
1,3188,767461,m,32233,北京/听/游/天下/旅游/文化/有限/有限公司/公司/副总/副总裁/总裁///微博/签约/自媒体/媒体
1,916,952,m,1390,北京/嘉/娱/世纪/网络/网络科技/科技/有限/有限公司/公司/技术/总监
1,262,122,m,271,北京/国医/天下/国际/中医/研究/研究院/儿/推/世家/网络/网络营销/营销/总监
1,5188,11664,f,4046,北京/天使/美/瞳/管理/有限/有限公司/公司/销售/经理
1,2782,3712,m,0,北京/强/云/时代/投资/顾问/有限/有限公司/公司/司官/官方/微博
1,230,671,m,2869,北京/律/微/语/教育/咨询/有限/有限公司/公司/////法律/法律顾问/顾问///头条/条文/文章/作者
1,1040,438,m,907,北京/扬/天/科技/有限/有限公司/公司/CEO
1,529,592,m,551,北京/无限/新锐/网络/网络科技/科技/有限/有限公司/公司/董事/董事长/林/荣
1,399,1198,m,698,北京/梦/源/天/行/科技/有限/有限公司/公司/CEO
1,1294,416,m,2107,北京/电信/信通/通畅/畅达/达信/信息/有限/有限公司/公司/将/为/该/账号/进行/企业/认证
1,170,40244,m,55,北京/益/普/索/市场/咨询/有限/有限公司/公司/董事/董事长/刘/立/丰
1,141,7926,f,1010,北京/盖/伦/蓝海/教育/教育科/科技/有限/有限公司/公司/公司总裁/总裁//CEO
1,1564,70,m,28,北京/盛/永嘉/业/投资/管理/有限/有限公司/公司
1,926,1591,m,11605,北京/盛世/创/想/文化/化发展/发展/有限/有限公司/公司///董事/董事长
1,1229,14385,m,5528,北京/知/益/德/明/信息/信息科学/科学/科学研究/研究/研究院///院长
1,743,89,f,123,北京/福海/投资/咨询/有限/有限责任/责任/公司
1,329,4593,f,359,北京/糯/言/香/国际/酒业/有限/有限公司/公司/营销/总监
1,211,89,m,53,北京/经/和/纬/创/商务/咨询/管理/有限/有限公司/公司/副总/副总经理/总经理/经理
1,350,269,m,1441,北京/通/安信/信息/信息技术/技术/有限/有限公司/公司///副总/副总经理/总经理/经理
1,1203,2316,m,463,北京/金库/开门/门科/科技/有限/有限责任/责任/公司
1,268,1605,f,15,北京/青/嘉/宝/瑞/商贸/有限/有限公司/公司///营销/总监
1,822,729,m,3316,北京/飞/笛/投资/咨询/有限/有限责任/责任/公司///总经理/经理
1,464,242,m,112,北京/飞狐/文化/传播/有限/有限公司/公司/旗下///飞狐/鲜果//CEO
1,3405,5609,m,3974,北京/鸿/诚/祥/兆/投资/担保/保有/有限/有限公司/公司/客服/经理
1,5000,385,f,92,北斗/九/易/网络/网络科技/科技/有限/有限公司/公司/创意/总监
1,403,2866,f,4936,十二/十二钗/炖品/创始/创始人
1,422,20076,m,774,华/图/网校/总经理/经理///华/图/教育/集团/CIO//教育/教育部/中国/远程/远程教育/教育/理事
1,182,475727,m,118,华/尊/国际///控股///集团/总裁
1,1019,55002,m,18321,华/泽/集团////集团/产品/研发/总监///兼/壹/企/服务/服务中心/中心///微/电商///总监///头条/条文/文章/作者
1,5891,765,m,77,华州/区/和/现代/现代农业/农业/有限/有限公司/公司/经理
1,816,1331,f,37,华西/证券/股份/股份有限/有限/有限公司/公司/经理
1,1591,1177,m,769,南京/吉姆/考拉/投资/管理/有限/有限公司/公司/部门/部门经理/经理
1,1831,382,m,589,南京/和善/诚/百货/贸易/有限/有限公司/公司/总经理/经理
1,95,1739,m,2132,南京/崇/茂/科技/有限/有限公司/公司///创始/创始人
1,639,116,m,195,南昌/妆点/网络/网络科技/科技/有限/有限公司/公司/总监
1,1999,147,f,0,南昌/微/时/微/刻/网络/网络工程/工程/有限/有限公司/公司///副总/副总经理/总经理/经理
1,96,635,f,25,印像/江苏///总经理/经理
1,1845,177737,m,6701,厦门/斯坦福/斯坦福桥/科技/有限/有限公司/公司///执行/董事///知名/科学/学科/科普/博主///微博/签约/自媒体/媒体
1,251,790,m,158,台州/宣/毅/企业/管理/咨询/有限/有限公司/公司///总经理/经理
1,543,653,m,1634,合肥/瑞/天/金属/金属材料/材料/有限/有限公司/公司///总经理/经理
1,1250,2934,m,77,商都/商都县/绿/娃/农业/科技/有限/有限责任/责任/公司/总经理/经理
1,88,20489,f,31,嗨/家/网//CEO
1,3538,2697,m,627,四川/拜/博/口腔/医疗/企业/管理/有限/有限公司/公司/正畸/医生/何/通/文
1,2248,630,m,783,国/珍/堂///北京///国际/国际贸易/贸易/有限/有限公司/公司/总经理/经理
1,2701,791617,m,32962,国家/国家信息中心/家信/信息/信息中心/中心/首席/经济/经济师
1,799,8349,m,902,城市/主场///武汉///体育/发展/有限/有限公司/公司/执行/CEO
1,760,1448,m,2537,域/投///北京///科技/有限/有限公司/公司//CEO
1,1190,421,m,501,壹/金/财务/财务咨询/咨询/有限/有限公司/公司/执行/董事
1,151,93,m,258,大唐/网络/控股/////副总/副总裁/总裁
1,205,369,m,741,大理/大理市/九/红/渔/庄///总经理/经理
1,886,3363,m,360,大理/大理市/云/味/商贸/有限/有限公司/公司///创始/创始人
1,203,307,m,540,大象/融/媒/集团/大象/舆情/研究/研究院/官方/微博
1,272,11498,m,27,大连/正/仁/科技/科技股/科技股份/股份/股份有限/有限/有限公司/公司/董事/董事长
1,133,2105,f,94,大连/福/耀/玻璃/有限/有限公司/公司/董事/董事长/钟/燕/冰
1,538,797,m,649,大连/禧/荣/集团/有限/有限公司/公司///电商/部/经理
1,550,11769,m,807,天/风/证券/投资/顾问
1,313,15893,m,1240,天/风/证券/股份/股份有限/有限/有限公司/公司/////投资/顾问
1,173,1645,m,970,天成/普/惠/金融/控股/有限/有限公司/公司///创始/创始人
1,154,10125,m,87,天津/泰克/威/硕/科技/有限/有限公司/公司/总经理/经理
1,4182,11655,f,335,奢华/尚/品/欧洲/站/有限/有限公司/公司///销售/总监
1,2029,99100,m,45,好/未来/公司/总监
1,1132,186,m,220,威/事/达/航空/产业/集团/董事/董事长
1,501,7322,m,7509,媒体/人///三门/三门峡///三门/三门峡/生活/网/CEO//总编/总编辑/编辑
1,869,2670,m,4571,宁波/宁波市/廉/宏/建设/建设工程/工程/有限/有限公司/公司/副总/副总经理/总经理/经理///许/雄/龙
1,80,9,f,7,安丘/安丘市/乐/港/鞋业/有限/有限责任/责任/公司
1,154,45,m,156,宝/保/贷/经济/信息/服务/江苏/有限/有限公司/公司
1,80,11050,m,1109,富/富/在线/线网/网络/有限/有限公司/公司/司运/运营/运营部/营部/经理///头条/条文/文章/作者
1,345,303,m,1759,山东/凌/冰/广告/有限/有限公司/公司////执行/总经理/经理
1,2039,36991,m,3614,山东/驴/帮/餐饮/管理/有限/有限公司/公司/董事/董事长
1,3377,38444,m,2224,平安/众/筹/科技///北京///有限/有限公司/公司//CEO///创新/新创/创业/导师
1,1438,766911,m,10685,广/汽/长丰/汽车/股份/股份有限/有限/有限公司/公司/副总/副总经理/总经理/经理/兼/广/汽/长丰///湖南///销售/有限/有限责任/责任/公司/总经理/经理/////黄/智/雄
1,264,1155,m,2178,广东/格林/律师/律师事务/师事/事务/事务所/副/主任///合伙/合伙人///律师
1,632,7528,m,4557,广州/中华/百货/总经理/经理
1,1410,13375,m,452,广州/大好/房地/房地产/地产/咨询/有限/有限公司/公司/董事/董事长
1,110,273,m,445,广州/尚/光照/照明/照明设计/设计/计有/有限/有限公司/公司///执行/董事//
1,67,43005,m,91,广州/广州市/州市/怡/澄/润/环保/设备/备有/有限/有限公司/公司/总经理/经理
1,139,504,m,307,广州/本/宁/贸易/有限/有限公司/公司/董事/董事长/张本/宁
1,163,11357,f,887,广州/赢/乾/鼎/投资/咨询/有限/有限公司/公司/司职/职员/王/梦/琳
1,611,271,m,2361,广州/金/胡蝶/生物/生物科技/科技/有限/有限公司/公司/总经理/经理
1,3410,1390,f,269,广西/广西南宁/西南/南宁/郭/慧/美容/有限/有限责任/责任/公司/人事/人事部/专员
1,162,19,f,13,广西/爱/星/堡/教育/投资/有限/有限公司/公司
1,1206,364,m,34,广西/衫/磊/资产/管理/有限/有限公司/公司/副总/副总经理/总经理/经理
1,505,325,f,463,庆元/品/菌/食品/有限/有限公司/公司///总经理/经理
1,864,281,m,360,庆阳/亿/达/投资/公司///高级/项目/项目经理/经理
1,337,114,m,9,建水/建水县/县上/上上/陶艺/创始/创始人
1,1326,10162,m,2131,当代/诗人///深圳/深圳市/君安/投资/咨询/有限/有限公司/公司/副董/副董事长/董事/董事长/吕/贵/品
1,1094,2910,m,6470,微/之/光控/控股/股份/股份有限/有限/有限公司/公司////////////执行/总裁
1,1978,2850,f,1303,微/思/敦/营销/营销中心/中心/总经理/经理
1,1635,36,m,73,德/佑/房地/房地产/地产/产经/经纪/有限/有限公司/公司/皇甫/傲/林
1,516,24751,m,9089,德意志/德意志银行/意志/银行/财富/管理/中国/中国区/总监///头条/条文/文章/作者
1,1850,1755099,m,4031,思/多/金创/创始/创始人///微博/签约/自媒体/媒体
1,2378,1720,f,6,恒/昌/金融/泰州/分公司/公司/人事/人事主管/事主/主管
1,1840,5267,m,4486,悉/地///苏州////勘察/设计/顾问/有限/有限公司/公司/董事/董事长
1,1147,4494,m,743,悠/嗨/旅行/旅行网/创始/创始人
1,2370,7350,m,2679,情感/博主///头条/条文/文章/作者
1,417,10988,m,497,情感/博主///头条/条文/文章/作者
1,1473,13352,m,1409,情感/博主///头条/条文/文章/作者///微博/签约/自媒体/媒体
1,5764,213262,m,48560,慧/爱家/家庭/服务///上海///有限/有限公司/公司/创始/创始人///微博/签约/自媒体/媒体
1,185,1620,m,195,成都/云/聚聚/网络/网络科技/科技/有限/有限公司/公司////运营/总监
1,1070,165,m,48,成都/我/有/科技/有限/有限责任/责任/公司
1,840,691,m,3728,成都/爱/可/依/生物/生物科技/科技/有限/有限公司/公司/销售/总监
1,779,11982,m,8160,我们/的/故事/婚礼///创始/创始人///王/灵/国///婚礼/博主
1,250,1041,m,505,房产/博主///前///中原/原地/地产/代理///深圳///有限/有限公司/公司/客户/客户经理/经理
1,7,4,f,4,投合/融/互联/互联网/联网/投融资/融资/服务/服务平台/平台
1,8093,10460,f,20092,拓/意/客/电子/电子科/电子科技/科技/公司/行政/政经/经理
1,1011,50254,f,3093,摩/拜/单车/创始/创始人//Geekcar/创始/创始人
1,305,698,f,0,新华/华大/大宗/闽北/北运/运营/中心/运营/副总/总监
1,286,407,f,1369,新浪/财经/第一/第一届/一届/未来/金融/之/星/大赛/全国/五十/十强
1,5264,16509,f,357,无锡/锡德/盈/环境/环境工程/工程/有限/有限公司/公司/经理
1,3504,3397,m,1153,易/尚/明天/明天科技/科技/有限/有限公司/公司/客户/总监///财经/博主
1,547,2200,m,1114,易/纵/互联///运营/总监//
1,281,238,m,1004,杭州/中商/信息/科技/有限/有限公司/公司//CEO
1,318,8824,m,63,杭州/亿/豪/百货///创始/创始人
1,305,5277,m,301,杭州/腾/阔/资产/管理/有限/有限公司/公司/总经理/经理
1,15,19,f,44,杭州/诺/宝/投资/管理/有限/有限公司/公司
1,5031,94895,m,1918,杭州/豪/氏/房地/房地产/地产/代理/有限/有限公司/公司////董事/董事长
1,1397,899,m,862,杭州/邦/顶/科技/有限/有限公司/公司//CEO//王/智/辉
1,3468,71496,m,4291,松柏/智慧///上海///品牌/营销/咨询/有限/有限公司/公司/CEO//头条/条文/文章/作者
1,4272,8917,f,236,柳州/柳州市/州市/华晨/房地/房地产/地产/产经/经纪/有限/有限公司/公司/司售/售房/专员
1,936,897,m,5130,桂林/猛/马科/科技/有限/有限公司/公司/总经理/经理
1,1377,843,m,673,武汉/和/中投/投资/咨询/有限/有限公司/公司/司官/官方/微博
1,209,1123,m,108,武汉/展/易/通/建筑/劳务/有限/有限责任/责任/公司/创始/创始人///总经理/经理
1,318,216,m,287,武汉/新景/祥/房地/房地产/地产/顾问/有限/有限公司/公司/总经理/经理
1,131,193,m,602,武汉/春天/阳光/服饰/有限/有限公司/公司/营销/总监
1,36,37,m,56,武汉/生物/生物工程/工程/工程学/工程学院/学院/后勤/集团/团伙/伙食/食管/管理/委员/委员会/官方/微博
1,5079,4189,m,20526,武汉/钢铁/钢铁集团/集团/集团公司/公司/司职/职员///头条/条文/文章/作者
1,22,56,m,35,汇/金方/方格/是/中国/证券/投资/基金/基金业/金业/业协会/协会/注册/的/私募/基金/公司/P1060503
1,1535,603,m,220,江苏/天鼎/投资/咨询/有限/有限公司/公司///职员
1,749,1939,m,1423,江苏/悠然/投资/管理/有限/有限公司/公司////董事/董事长///总经理/经理
1,1887,49465,m,10955,江苏/聚/道/电子/电子商务/商务/有限/有限公司/公司/董事/董事长///秒/换/网//CEO//头条/条文/文章/作者
1,117,210415,m,94,江西/建/申/实业/有限/有限公司/公司/总经理/经理/王建华/建华
1,242,1072,m,92,江西/燎原/企业/管理/有限/有限公司/公司/司运/运营/总监
1,565,7542,m,3018,江阴/江阴市/阴市/富/仁/高/科股/股份/股份有限/有限/有限公司/公司///总经理/经理/经理助理/助理
1,147,122,m,95,沈阳/万/景房/房地/房地产/地产/开发/发有/有限/有限公司/公司/销售/经理
1,71,54,f,151,沈阳/九/创/装饰/工程/有限/有限公司/公司/网络/经理
1,1724,10766,m,1390,沈阳/汣/沣/科技/有限/有限公司/公司/创始/创始人
1,1605,45170,m,13377,沈阳/沈阳城/阳城/城市/学院/互联/互联网/联网/应用/用学/学院/学院院长/院长
1,471,23458,m,607,沈阳/瑞/志/城建/建置/置业/发展/有限/有限公司/公司/总经理/经理
1,1472,8642,f,4638,河北/交/广/九九/九二/二汽/汽车/俱乐部/管理/有限/有限公司/公司///副总/副总经理/总经理/经理///头条/条文/文章/作者
1,365,780,m,869,河北/河北省/国资/国资委/下属/河北/建设/投资/集团/有限/有限责任/责任/公司///资本/运营/运营部/营部///宋/路
1,295,235,m,41,河北/进/安达/建筑/建筑安装/安装/装有/有限/有限公司/公司///总经理/经理
1,129,131,m,65,河南/分时/实业/有限/有限公司/公司/行政/政经/经理
1,911,3544,m,10475,河南/南大/宋/官窑/瓷业/有限/有限公司/公司////董事/董事长/助理
1,4837,20417,f,17299,河南/朗/博/投资/咨询/有限/有限公司/公司/董事/总裁
1,86,80,f,68,河南/河南省/三/体/优/创/企业/管理/咨询/有限/有限公司/公司
1,379,279137,m,3023,河南/河南省/互联/互联网/联网/信息/信息办/办公/办公室/公室/官方/微博
1,5638,1193,m,550,河南/河南省/强国/国城/城镇/城镇化/建设/开发/发有/有限/有限公司/公司////董事/董事长
1,1067,2293,f,491,河南/蝶/效/网络/网络科技/科技/有限/有限公司/公司/销售/经理
1,1532,1234,m,6447,河南/集聚/产业/咨询/有限/有限公司/公司///总经理/经理
1,1882,3797,m,1317,洛阳/商/联/电子/电子商务/商务/有限/有限公司/公司/董事/董事长
1,1415,7423,m,4273,浙江/江中/中大/期货/永康/营业/营业部/总经理/经理///林/毅
1,2855,12222,m,4095,浙江/浩/天/通信/有限/有限公司/公司/总经理/经理/侯宝林/宝林
1,2311,5743,m,485,浙江/艺/路向/向东/文化/创意/总裁
1,1276,1237,m,3804,浙江/铁/投/高级/投资/经理
1,4415,1643669,m,90144,海/青/传媒/集团/总裁///中国/新/媒体/摆渡/摆渡人///微/电商/达人///头条/条文/文章/作者
1,2047,11601,m,800,海星/会/CEO//头条/条文/文章/作者
1,577,1242,f,1074,海龟/科技/执行/副总/副总裁/总裁
1,221,3337,m,1168,深圳/三信/信通/通金/金融/金融信息/信息/服务/有限/有限公司/公司
1,1284,3598,m,9161,深圳/久久/益/资产/管理/有限/有限公司/公司///////创始/合伙/合伙人////梁祝/嘉
1,413,241,f,361,深圳/前海/善/云/互联/互联网/联网/网技/技术/有限/有限公司/公司
1,458,46,m,1,深圳/前海/海红/红包/来/了/互联/互联网/联网/科技/有限/有限公司/公司
1,0,0,m,0,深圳/前海/福利/利基/基金/管理/公司/董事/董事长///时价/价金/窗/科技/董事/董事长///头条/条文/文章/作者
1,180,13925,m,10403,深圳/奥/富盛/尊/尚/股权/投资/基金/管理/有限/有限公司/公司/司运/运营/经理///头条/条文/文章/作者///微博/签约/自媒体/媒体
1,495,1799,m,2624,深圳/深圳市/东方/华/策/咨询/有限/有限公司/公司///总经理/经理///周家/兵///头条/条文/文章/作者
1,377,2420,f,12,深圳/深圳市/冠/亿/达/光学/学制/制品/有限/有限公司/公司/企业/企业形象/形象/兼/业务/业务经理/经理
1,535,2878,f,158,深圳/深圳市/创新/投资/集团/投资/总部/总经理/经理/金/燕
1,15,25,m,4,深圳/深圳市/君/达/辉/金融/金融服务/服务/有限/有限公司/公司/司官/官方/微博
1,1222,142,f,119,深圳/深圳市/天/香味/来/食品/发展/有限/有限公司/公司/总经理/经理
1,1576,455238,m,1793,深圳/深圳市/微/众/网络/网络科技/科技/有限/有限公司/公司/CEO
1,232,592,m,2944,深圳/深圳市/智/讯通/通电/通电子/电子/有限/有限公司/公司/副总/副总经理/总经理/经理
1,24,29,m,137,深圳/深圳市/汇/思达/金融/金融信息/信息/服务/有限/有限公司/公司
1,500,229897,m,2203,深圳/深圳市/福/远/信达/商贸/有限/有限公司/公司/董事/董事长
1,105,32,f,142,深圳/深圳市/红利/圈/金融/金融服务/服务/有限/有限公司/公司/司官/官方/微博
1,233,32369,m,1841,深圳/深圳市/美丽/加/互联/互联网/联网/有限/有限公司/公司///创始/创始人//CEO
1,827,1662,m,436,深圳/深圳市/鼎/诺/投资/管理/有限/有限公司/公司/联席/董事
1,1849,2534,m,3391,深圳/移/商/动力/电子/电子商务/商务/有限/有限公司/公司///创始/创始人/兼/CEO
1,435,1587,m,1758,温州/香/海/食品/有限/有限公司/公司/////副总/副总经理/总经理/经理
1,1078,267,m,10965,湖北/中资/资信/和/投资/管理/有限/有限公司/公司///市场/市场部/场部/销售/吴/风/玉
1,447,1332,m,101,湖北/云/行/电子/电子商务/商务/有限/有限公司/公司/总经理/经理
1,438,17445,m,179,湖南/七色/色光/贸易/有限/有限公司/公司/总经理/经理
1,603,1294,m,4762,湖南/威/企/广告/有限/有限公司/公司/首席/执行/执行官/CEO
1,1109,568,m,308,漯河/天/度/无人/无人机/人机/销售/有限/有限公司/公司/总经理/经理
1,1294,251,m,190,潍坊/兆/林/电子/电子商务/商务/有限/有限公司/公司///创始/创始人///头条/条文/文章/作者
1,1905,1204,m,3506,潍坊/宏/昊/印刷/设备/备有/有限/有限公司/公司/经理///头条/条文/文章/作者
1,850,798256,m,41279,烟台/汉邦/荣/景/财经/资讯/有限/有限公司/公司///总经理/经理///微博/签约/自媒体/媒体
1,1708,26305,m,10496,烧麦/网络/CEO
1,1275,2964,f,75,焯/雍/投资///日本/桜/之/不动/不动产/动产/总经理/经理/////高级/理财/理财师
1,762,1216,m,1833,爱/问///上海///管理/咨询/有限/有限公司/公司///总裁
1,11,1125,m,225,玖/誉/投资/管理/有限/有限公司/公司/市场/市场总监/总监
1,225,948,m,1005,珠海/正/顺/房地/房地产/地产/置业/顾问
1,882,120800,m,4186,珠海/珠海市/海市/飞越/巅峰/企业/管理/咨询/有限/有限公司/公司///董事/董事长
1,799,3532,f,7032,璞/瑞/資/產/管理///深圳///有限/有限公司/公司/執/行/董事
1,30,397,m,8,瓦/萨/梵/秀///北京///服饰/有限/有限公司/公司/司运/运营/总监/李/军/磊
1,98,156,m,2,甘肃/丫丫/电子/电子商务/商务/有限/有限公司/公司/董事/董事长
1,143,82,m,120,甘肃/百合/健/创业/联盟/电子/电子商务/商务/有限/有限公司/公司/董事/王/嘉/滨
1,648,562,m,1179,百/慕/城/网站/baimucity/com//创始/创始人
1,331,615,m,4373,盐城/盐城市/城市/格/美/汇/商贸/有限/有限公司/公司/首席/护肤/讲师
1,2000,156254,m,3962,知名/互联/互联网/联网/资讯/博主
1,832,212347,m,8889,知名/互联/互联网/联网/资讯/博主///头条/条文/文章/作者
1,559,41228,m,13432,知名/互联/互联网/联网/资讯/博主///微博/签约/自媒体/媒体
1,2561,57310,m,10047,知名/互联/互联网/联网/资讯/博主///派/山///上海///金融/金融信息/信息/服务/有限/有限公司/公司///总裁///头条/条文/文章/作者
1,1597,103484,m,1159,知名/财经/博主///基金/从业/资格/资格证/持有/持有者///头条/条文/文章/作者
1,325,3100,m,6715,知名/财经/博主///头条/条文/文章/作者
1,575,8220,m,3284,知名/财经/博主///头条/条文/文章/作者
1,268,48838,m,2170,知名/财经/博主///头条/条文/文章/作者
1,410,17274,m,219,知名/财经/博主///头条/条文/文章/作者
1,2195,28276,m,2888,知名/财经/博主///头条/条文/文章/作者
1,154,27608,m,3095,知名/财经/博主///头条/条文/文章/作者///微博/签约/自媒体/媒体
1,579,2308,m,669,知名/财经/博主///黄埔/集团/云/掌财/财经/CEO
1,2399,1029735,m,35188,知名/财经/评论/人///微博/投资/专家///微博/签约/自媒体/媒体
1,117,138,f,60,石家/石家庄/家庄/智/杉/企业/管理/咨询/有限/有限公司/公司
1,234,916,m,633,石家/石家庄/家庄/谷/连天/餐饮/餐饮企业/企业/管理/有限/有限公司/公司
1,173,195,m,28,福州/微/周边/网络/网络科技/科技/有限/有限公司/公司/联合/创始/创始人/兼/CEO
1,2022,1728,m,446,福建/海/魅/旅游/游开/开发/发有/有限/有限公司/公司/董事/董事长
1,2972,42961,m,25134,移动/互联/互联网/联网/开发/开发者
1,848,15121,f,3337,第/20/届/世界/超模/全球/冠军///英国/国际/英/协/模特/经纪/发展/有限/有限公司/公司/公司总裁/总裁
1,725,761,m,1196,米/聘///上海///网络/网络科技/科技////总经理/经理
1,775,1352,m,678,精/麦/通/无线//JMT/Mobile//CEO
1,113,106,m,7,繁荣/恒业/投资/公司///财富/总监
1,2905,22731,m,25923,经济/之/声/副总/总监///杨/春阳
1,870,54182,f,1942,缅/皇/珠宝///深圳///有限/有限公司/公司////董事/董事长/翠/裳/服饰/有限/有限公司/公司////创始/创始人
1,556,1190,f,18,罗/杜/品牌/创始/创始人
1,3610,427662,m,15687,联想/联想集团/集团///移动/业务/集团///陈/世/峰///微博/社区/区委/委员/委员会/委员///微博/签约/自媒体/媒体
1,108,1310,m,18,聚/智/天/翊/电子/有限/有限公司/公司/聚/智/电/竞/创始/创始人
1,1953,54125,m,16018,腾/驹/达/猎头/猎头公司/公司/董事/董事长
1,939,735,m,526,苏州/良知/出手/网络/网络科技/科技/有限/有限公司/公司/创始/创始人/徐/鹏
1,580,206,m,96,襄阳/望天树/网络/网络科技/科技/有限/有限公司/公司/总经理/经理
1,1490,13891,m,10991,西安/丁/家小/丁/农业/科技/公司/公司法/公司法人/司法/法人/法人代表/人代/代表///微/电商/达人///头条/条文/文章/作者
1,621,186,m,211,西安/安乐/居/总经理/经理
1,221,2039,f,114,西安/海潮/电子/电子商务/商务/有限/有限公司/公司/总经理/经理/经理助理/助理
1,2225,310,m,858,西安/铭/赞/信息/信息技术/技术/有限/有限公司/公司/CEO/闫/宝/龙
1,96,1465,m,3739,财经/博主
1,2325,8517,m,5337,财经/博主
1,1052,853,m,1836,财经/博主
1,1942,19608,m,220,财经/博主
1,732,595,m,1715,财经/博主
1,1129,7423,m,11116,财经/博主
1,80,184,m,248,财经/博主
1,45,932,m,332,财经/博主
1,125,2752,m,1524,财经/博主
1,212,90923,m,6036,财经/博主
1,718,7265,m,2364,财经/博主
1,1342,1355,m,1,财经/博主
1,1259,5610,m,13877,财经/博主
1,572,62113,f,2951,财经/博主
1,3038,2124,m,1194,财经/博主
1,783,2059,m,2766,财经/博主///前///义乌/必/拓/资产/管理/有限/有限公司/公司/投资/顾问/陈/翔///头条/条文/文章/作者
1,732,53317,m,3189,财经/博主///国泰/国泰君安/国泰君安证券股份有限公司/君安/证券/股份/股份有限/有限/有限公司/公司/投资/顾问///头条/条文/文章/作者
1,450,2870,m,3744,财经/博主///头条/条文/文章/作者
1,345,3856,m,611,财经/博主///头条/条文/文章/作者
1,834,28466,m,7332,财经/博主///头条/条文/文章/作者
1,346,21018,f,171,财经/博主///头条/条文/文章/作者
1,133,296059,m,511,财经/博主///头条/条文/文章/作者
1,1784,26756,m,22782,财经/博主///头条/条文/文章/作者
1,230,188881,m,4086,财经/博主///头条/条文/文章/作者
1,851,840,m,1560,财经/博主///头条/条文/文章/作者
1,327,12825,m,1872,财经/博主///头条/条文/文章/作者
1,479,524,m,3029,财经/博主///头条/条文/文章/作者
1,3142,7313,f,520,财经/博主///头条/条文/文章/作者
1,4543,15820,f,633,财经/博主///头条/条文/文章/作者
1,3492,86185,m,1840,财经/博主///头条/条文/文章/作者
1,398,4858,m,5325,财经/博主///头条/条文/文章/作者
1,207,30853,m,4379,财经/博主///头条/条文/文章/作者///微博/签约/自媒体/媒体
1,1944,26023,m,4023,财经/博主///广西/福/道/投资/有限/有限公司/公司///董事/董事长///韦/登/造///头条/条文/文章/作者
1,1251,231897,m,1271,财经/博主///微博/股评/团/成员///头条/条文/文章/作者
1,296,24967,m,5077,财经/博主///深圳/深圳市/晟/泰/投资/管理/有限/有限公司/公司/公司总裁/总裁
1,856,849,m,406,财经/博主///软件/软件设计/设计/设计师///头条/条文/文章/作者
1,126,75261,m,5616,资深/投资/投资人///微博/签约/自媒体/媒体
1,1210,1145,m,1695,赤峰/老板/电器/销售/有限/有限公司/公司///总经理/经理
1,2764,595,m,68,赤水/赤水市/桫/龙/虫/茶/饮品/有限/有限责任/责任/公司/司官/官方/微博
1,568,2670,m,298,辽宁/乐于/共享/互联/互联网/联网/有限/有限公司/公司/张/雷/总经理/经理
1,1397,2294,m,6567,达/则/科技////违章/管家//CEO
1,645,4552,m,2364,远大/住宅/工业/集团/江苏/分公司/公司//Bhouse//总经理/经理
1,1562,123940,m,956,速/发/讯/达科/科技///北京///有限/有限公司/公司/董事/董事长
1,1252,306,f,334,郑州/亚/柏/兰/服饰/有限/有限公司/公司/创始/创始人
1,878,10321,m,2172,郑州/峰/创/企业/管理/信息///咨询/有限/有限公司/公司/总经理/经理/吕/纪/峰///微/电商/达人
1,1444,3032,m,172,郑州/翡翠/园林/园林工程/工程/有限/有限公司/公司/总经理/经理/潘/芳/胜///头条/条文/文章/作者
1,2071,377,m,143,重庆/庆元/木/广告/有限/有限公司/公司/总经理/经理
1,359,45,f,54,重庆/慧/珺/企业/管理/有限/有限公司/公司
1,558,1344,f,701,重庆/珍爱/卫生/卫生用品/用品/有限/有限责任/责任/公司/司官/官方/微博
1,2042,728,m,465,重庆/首/大///若/岑///口腔/口腔医学/医学/医学中心/中心/////总经理/经理
1,280,466,m,4822,金/朝阳/地产///中国///有限/有限公司/公司/销售/策划/总监
1,253,204,m,14,钱/江/集团/有限/有限公司/公司/陈毅
1,507,102968,m,1502,银/来/控股/股份/股份有限/有限/有限公司/公司/深圳/区域/执行/董事///头条/条文/文章/作者
1,99,218,m,45,链/家地/地产/产经/经理
1,236,16987,m,119,链/家地/地产/产销/销售/总监
1,2068,8949,m,12253,锦绣/无双/演艺/经纪/有限/有限公司/公司////营运/副总/总监
1,466,10059,m,155,镇平/镇平县/皓/玉/珠宝/有限/有限公司/公司/董事/董事长
1,65,7,m,13,问/天/企业/管理/有限/有限公司/公司/司官/官方/微博
1,2549,2517,m,3801,闽江/新农/农业////联合/创始/创始人///COO
1,542,1319,m,639,阅/文集/集团/有声/阅读/业务/负责/负责人/责人/无线/运营/高级/经理
1,690,722,m,886,阳光/保险/集团/人寿/人寿保险/保险///人事/人事行政/行政/行政部/负责/负责人/责人
1,1455,5845,m,5401,陕西/唐人/置业/董事/董事长
1,10809,111694,m,126,陕西/金/栗/酒业/有限/有限责任/责任/公司/总经理/经理///头条/条文/文章/作者
1,2287,126053,m,1202,陕西/金/荷/品牌/营销/经理
1,327,47509,m,65,霍尔/霍尔果斯/软银/股权/投资/管理/有限/有限公司/公司/公司总裁/总裁
1,458,20395,f,1721,霞浦/霞浦县/乐/丰/农业/专业/合作/合作社/财务/财务经理/经理
1,439,1468,m,989,青岛/丽/特电/电子/电子科/电子科技/科技/有限/有限公司/公司/市场/市场部/场部/总经理/经理
1,2008,27349,m,698,青岛/岛国/国际/国际机场/机场/集团/有限/有限公司/公司/公务/公务机/分公司/公司/司官/官方/微博
1,581,948,m,1181,青岛/投资/投资网//qdtzw/com/官方/微博
1,1742,915,m,2906,青岛/青春/小鸟/饰品/有限/有限公司/公司////总经理/经理
1,222,548,m,927,顺达/翻译/公司/创始/创始人/兼/首席/译员///澳洲/国家/翻译/局/NAATI/注册/认证/执业/译员///头条/条文/文章/作者
1,2000,3629,m,6199,鹤壁/鹤壁市/物资/集团/官方/微博
1,1513,1070,m,1748,黑龙江/龙江/房/超媒体/媒体/技术/有限/有限公司/公司/总经理/经理
